Instance,iteration,time,budget,Obj,interdiction
1,1,0.124714136,2,163,[0 1]
1,2,42.17105103,2,163,[0 1]
1,3,77.70317316,2,218,[  23 1515]
1,4,80.29138899,2,197.1943359,[1515 2247]
1,5,82.93993711,2,193.3637695,[1515 2247]
1,6,152.5827761,2,192.5819092,[1515 2247]
1,7,272.368669,2,192.541748,[1515 2247]
1,8,503.6127529,2,192.5125122,[1515 2247]
1,9,949.9057763,2,197.1943359,[  23 2247]
1,10,983.0485461,2,194.9875031,[  23 2247]
1,11,1881.867946,2,194.4635773,[  23 2247]
1,12,3424.534329,2,194.1081047,[  23 2247]
1,1,0.114214897,20,163,[ 0  1  2  3  4  5  6  7  8  9 10 11 12 13 14 15 16 17 18 19]
1,2,41.50889778,20,163,[ 0  1  2  3  4  5  6  7  8  9 10 11 12 13 14 15 16 17 18 19]
1,3,77.27418494,20,295,[  23 1515 2247 2431 2945 2946 2947 2948 2949 2950 2951 2952 2953 2954 2955 2956 2957 2958 2959 2960]
1,4,79.85177183,20,292.8881836,[   0    1    2   23  157  159  177  842 1002 1321 1515 1598 1600 1707 1739 1777 2247 2431 2955 2960]
1,5,82.52422571,20,242.8364258,[   0    1    2   23  157  159  177  842 1002 1321 1515 1598 1600 1707 1739 1777 2247 2431 2955 2960]
1,6,153.2151408,20,242.7529297,[   0    1    2   23  157  159  177  842 1002 1321 1515 1598 1600 1707 1739 1777 2247 2431 2955 2960]
1,7,294.1286609,20,242.635376,[   0    1    2   23  157  159  177  842 1002 1321 1515 1598 1600 1707 1739 1777 2247 2431 2955 2960]
1,8,576.7352116,20,242.3287811,[   0    1    2   23  157  159  177  842 1002 1321 1515 1598 1600 1707 1739 1777 2247 2431 2955 2960]
1,9,1145.389592,20,241.9388657,[   0    1    2   23  157  159  173  177  842 1002 1321 1515 1598 1600 1659 1707 1777 2247 2431 2955]
1,10,2326.805301,20,241.5504417,[   0    1    2   23  157  159  173  177  842 1002 1321 1515 1598 1600 1659 1707 1777 2247 2431 2955]
2,1,0.124168158,2,122,[1 2]
2,2,5.315118074,2,139,[0 1]
2,3,5.595731974,2,187,[  0 115]
2,4,5.87972188,2,172,[2641 2890]
2,5,6.191280127,2,177.9375,[   0 2890]
2,6,11.774575,2,176.390625,[   0 2890]
2,7,22.44579315,2,174.84375,[   0 2890]
2,8,43.66870189,2,173.6835938,[   0 2890]
2,9,86.30618811,2,172.9101563,[   0 2890]
2,10,171.5291891,2,169,[ 115 2890]
2,11,177.8854461,2,168.8225098,[ 115 2890]
2,12,349.3514061,2,168.8011475,[ 115 2890]
2,13,692.893249,2,168.6935425,[ 115 2890]
2,14,1379.313787,2,168.3941193,[ 115 2890]
2,15,2758.203753,2,172.4274902,[   0 2890]
2,16,2856.850629,2,172.2501678,[   0 2890]
2,1,0.120559216,20,122,[ 1  2  3  4  5  6  7  8  9 10 11 12 13 14 15 16 17 18 19 20]
2,2,5.437153101,20,139,[ 0  1  2  3  4  5  6  7  8  9 10 11 12 13 14 15 16 17 18 19]
2,3,5.718597889,20,302,[   0  115  462  595 2462 2641 2877 2878 2879 2880 2881 2882 2883 2884 2885 2886 2887 2888 2889 2890]
2,4,6.004866123,20,294,[   0    1  115  462  538  595  814  862 1319 1416 1446 1545 1706 1749 1951 2115 2462 2641 2889 2890]
2,5,6.32477808,20,217.671875,[   0    1  115  462  538  595  814  862 1319 1416 1446 1545 1706 1749 1951 2115 2462 2641 2889 2890]
2,6,45.27508211,20,217.6035156,[   0    1  115  462  538  595  814  862 1319 1416 1446 1545 1706 1749 1951 2115 2462 2641 2889 2890]
2,7,88.84256887,20,217.112793,[   0    1  115  462  538  595  814  862 1319 1416 1446 1545 1706 1749 1951 2115 2462 2641 2889 2890]
2,8,175.9834352,20,216.8381348,[   0    1  115  462  538  595  814  862 1319 1416 1446 1545 1706 1749 1951 2115 2462 2641 2889 2890]
2,9,350.6938529,20,216.6434326,[   0    1    6  115  462  538  595  814  862 1319 1416 1446 1545 1706 1749 1951 2115 2462 2641 2890]
2,10,714.240201,20,216.528656,[   0    1    6  115  462  538  595  814  862 1319 1416 1446 1545 1706 1749 1951 2115 2462 2641 2890]
2,11,1419.665884,20,216.4102478,[   0    1    6  115  462  538  595  814  862 1319 1416 1446 1545 1706 1749 1951 2115 2462 2641 2890]
2,12,2845.297288,20,216.2536201,[   0    1    6  115  462  538  595  814  862 1319 1416 1446 1545 1706 1749 1951 2115 2462 2641 2890]
3,1,0.117728949,2,199,[1 2]
3,2,1.300026894,2,233,[0 1]
3,3,1.446441889,2,272,[  0 224]
3,4,1.59489584,2,227.6875,[   0 1471]
3,5,11.63446188,2,226.984375,[   0 1471]
3,6,22.69507289,2,226.0625,[   0 1471]
3,7,44.84180284,2,224.9726562,[   0 1471]
3,8,89.07192183,2,224.3687744,[   0 1471]
3,9,178.0243337,2,240.7871704,[   0 3012]
3,10,184.5316927,2,233,[  0 280]
3,11,191.0989788,2,231.5127563,[  0 209]
3,12,197.6540308,2,228.7588501,[  0 209]
3,13,376.4603288,2,227.9682617,[  0 280]
3,14,389.4610057,2,227.4356079,[   0 3012]
3,15,402.4994156,2,226.9377441,[   0 3012]
3,16,761.2401967,2,226.6378479,[   0 3012]
3,17,1482.433265,2,226.3538208,[   0 3012]
3,18,2937.172977,2,226.0841827,[   0 3012]
3,1,0.119354248,20,199,[ 1  2  3  4  5  6  7  8  9 10 11 12 13 14 15 16 17 18 19 20]
3,2,1.269304037,20,233,[ 0  1  2  3  4  5  6  7  8  9 10 11 12 13 14 15 16 17 18 19]
3,3,1.417464256,20,356,[   0  224  444 1441 1471 2998 2999 3000 3001 3002 3003 3004 3005 3006  3007 3008 3009 3010 3011 3012]
3,4,1.56607604,20,351.4375,[   0    1    3  209  224  280  444  751  843 1009 1322 1441 1471 1739 2342 2580 2979 2984 3011 3012]
3,5,1.707560062,20,273.4375,[   0    1    3  209  224  280  444  751  843 1009 1322 1441 1471 1739 2342 2580 2979 2984 3011 3012]
3,6,22.6602211,20,271.0625,[   0    1    3  209  224  280  444  751  843 1009 1322 1441 1471 1739 2342 2580 2979 2984 3011 3012]
3,7,44.45780516,20,270.3945312,[   0    1    3  209  224  280  444  751  843 1009 1322 1441 1471 1739 2342 2580 2979 2984 3011 3012]
3,8,88.05937696,20,269.5361328,[   0    1    3  209  224  280  444  751  843 1009 1322 1441 1471 1739 2342 2580 2979 2984 3011 3012]
3,9,175.645596,20,268.0197754,[   0    1    3    5  209  224  280  444  751  843 1009 1322 1441 1471 1739 2342 2580 2979 2984 3012]
3,10,357.916337,20,266.6574707,[   0    1    3    5  209  224  280  444  751  843 1009 1322 1441 1471 1739 2342 2580 2979 2984 3012]
3,11,710.442651,20,265.1403809,[   0    1    3    5  209  224  280  444  751  843 1009 1322 1441 1471 1739 2342 2580 2979 2984 3012]
3,12,1420.062076,20,263.5440063,[   0    1    3    5  209  224  280  444  751  843 1009 1322 1441 1471 1739 2342 2580 2979 2984 3012]
3,13,2851.958226,20,261.811964,[   0    1    3    5  209  224  280  444  751  843 1009 1322 1441 1471 1739 2342 2580 2979 2984 3012]
4,1,0.122399092,2,94,[1 2]
4,2,1.251930952,2,125,[0 1]
4,3,1.401399136,2,149,[ 0 58]
4,4,1.552146912,2,172,[   0 1685]
4,5,1.697005033,2,142,[   0 1685]
4,6,43.94940281,2,141.875,[   0 1685]
4,7,86.38694191,2,141.5625,[   0 1685]
4,8,165.2382059,2,141.1484375,[   0 1685]
4,9,295.77859,2,140.828125,[   0 1685]
4,10,488.6982181,2,140.5976563,[   0 1685]
4,11,759.203851,2,140.4755249,[   0 2731]
4,12,779.4935739,2,140.4345093,[   0 1685]
4,13,1342.254902,2,140.3359985,[   0 1685]
4,14,1776.065288,2,140.2845612,[   0 1685]
4,15,2282.000911,2,140.2584457,[   0 1685]
4,16,2862.01994,2,140.246973,[   0 1685]
4,17,3527.409792,2,140.2418842,[   0 1685]
4,1,0.112479925,20,94,[ 1  2  3  4  5  6  7  8  9 10 11 12 13 14 15 16 17 18 19 20]
4,2,1.204857111,20,125,[ 0  1  2  3  4  5  6  7  8  9 10 11 12 13 14 15 16 17 18 19]
4,3,1.346672058,20,317,[   0   58 1455 1685 1707 1770 2547 2731 2743 2906 2907 2908 2909 2910  2911 2912 2913 2914 2915 2916]
4,4,1.484173059,20,210,[   0    1    2    3    4    5    6   38   58  112  226  662  786  966 1467 1770 2547 2698 2743 2916]
4,5,1.619088173,20,133,[   0    1    2    3    4    5    6   38   58  112  226  662  786  966 1467 1770 2547 2698 2743 2916]
4,6,41.18416619,20,132.9589844,[   0    1    2    3    4    5    6   38   58  112  226  662  786  966 1467 1770 2547 2698 2743 2916]
4,7,77.9852159,20,132.9384766,[   0    1    2    3    4    5    6   38   58  112  226  662  786  966 1467 1770 2547 2698 2743 2916]
4,8,148.777185,20,132.9199219,[   0    1    2    3    4    5    6   38   58  112  226  662  786  966 1467 1770 2547 2698 2743 2916]
4,9,281.9442003,20,132.9005127,[   0    1    2    3    4    5    6   38   58  112  226  662  786  966 1467 1770 2547 2698 2915 2916]
4,10,553.4984541,20,132.8868408,[   0    1    2    3    4    5    6   38   58  112  226  662  786  966 1467 1770 2547 2698 2915 2916]
4,11,998.209857,20,132.875946,[   0    1    2    3    4    5    6   38   58  112  226  662  786  966 1467 1770 2547 2698 2915 2916]
4,12,1784.505915,20,132.8684158,[   0    1    2    3    4    5    6   38   58  112  226  662  786  966 1467 1770 2547 2698 2915 2916]
4,13,3139.015247,20,132.8620377,[   0    1    2    3    4    5    6   38   58  112  226  662  786  966 1467 1770 2547 2698 2915 2916]
5,1,0.115827322,2,131,[1 2]
5,2,0.545464039,2,157,[0 1]
5,3,0.667226076,2,163,[ 0 39]
5,4,0.80775404,2,159.5,[  1 768]
5,5,0.928613186,2,120,[  1 768]
5,6,3.071434975,2,118.5625,[  1 768]
5,7,5.804346085,2,117.84375,[  1 768]
5,8,11.21379924,2,117.484375,[  1 768]
5,9,21.93690109,2,151,[   0 2941]
5,10,22.78411007,2,142.4453125,[   0 2941]
5,11,43.902004,2,137.2109375,[0 1]
5,12,45.52635598,2,134.4921875,[ 768 2941]
5,13,47.15722609,2,132.5703125,[   0 2941]
5,14,179.0164111,2,130.6484375,[  0 768]
5,15,185.1980453,2,127.7421875,[ 92 768]
5,16,191.5433321,2,126.3212891,[  0 768]
5,17,369.5034301,2,126.1796875,[ 768 1147]
5,18,381.5973229,2,124.0625,[  0 768]
5,19,738.3433201,2,132.1640625,[0 1]
5,20,762.8440921,2,131.8955078,[   0 2941]
5,21,786.8169379,2,131.6806641,[0 1]
5,22,1506.060641,2,131.5769043,[   0 2941]
5,23,1553.698284,2,131.5687256,[0 1]
5,24,2998.610642,2,131.375412,[0 1]
5,1,0.116107702,20,131,[ 1  2  3  4  5  6  7  8  9 10 11 12 13 14 15 16 17 18 19 20]
5,2,0.539503813,20,157,[ 0  1  2  3  4  5  6  7  8  9 10 11 12 13 14 15 16 17 18 19]
5,3,0.654686928,20,269,[   0   39  768  834  971 1008 1217 2929 2930 2931 2932 2933 2934 2935 2936 2937 2938 2939 2940 2941]
5,4,0.789562702,20,224,[   1    2    3    4    6    7    9   10   12   57   79   92  468  768  834  971 1008 1147 1873 2941]
5,5,0.901330948,20,190,[   1    2    3    4    6    7    9   10   12   57   79   92  468  768  834  971 1008 1147 1873 2941]
5,6,2.988459587,20,185.9375,[   1    2    3    4    6    7    9   10   12   57   79   92  468  768  834  971 1008 1147 1873 2941]
5,7,5.667243004,20,183.15625,[   1    2    3    4    6    7    9   10   12   57   79   92  468  768  834  971 1008 1147 1873 2941]
5,8,10.99771786,20,181.765625,[   1    2    3    4    6    7    9   10   12   57   79   92  468  768  834  971 1008 1147 1873 2941]
5,9,21.59286785,20,181.578125,[   1    2    3    4    6    7    9   10   12   57   79   92  218  468  768  834  971 1008 1147 2941]
5,10,43.42416883,20,181.3398438,[   1    2    3    4    6    7    9   10   12   57   79   92  218  468  768  834  971 1008 1147 2941]
5,11,85.47153163,20,180.5849609,[   1    2    3    4    6    7    9   10   12   57   79   92  218  468  768  834  971 1008 1147 2941]
5,12,169.8858759,20,179.1494141,[   1    2    3    4    6    7    9   10   12   57   79   92  218  468  768  834  971 1008 1147 2941]
5,13,339.4813898,20,177.5060425,[   1    2    3    4    6    7    9   10   12   57   79   92  218  468  768  834  971 1008 1147 2941]
5,14,680.0392289,20,175.7687073,[   1    2    3    4    6    7    9   10   12   57   79   92  468  768  834  971 1008 1147 1873 2941]
5,15,1388.616263,20,174.0721588,[   1    2    3    4    6    7    9   10   12   57   79   92  468  768  834  971 1008 1147 1873 2941]
5,16,2767.521742,20,172.4243774,[   1    2    3    4    6    7    9   10   12   57   79   92  468  768  834  971 1008 1147 1873 2941]