scene,edge,cost
0,"[[(2, 8), (5, 6), (11, 25), (15, 17), (23, 14), (7, 26), (3, 29), (4, 6), (4, 11), (14, 4), (24, 11), (18, 15), (21, 15), (26, 12), (19, 1), (22, 14), (16, 9), (16, 18), (16, 19)]]","[[95.06793487552582, 14.586870601000903, 0.5747285438782159, 29.044252015942167, 56.70944823718142, 492.2078206958751, 59.243337237797064, 13.515690876513844, 76.51451299663043, 94.12988828380512, 70.45485840267663, 53.07783391212961, 29.525217466441198, 406.0321781904178, 279.25500603269177, 164.26757605757373, 1.6368857672472332, 9.62577147528262, 56.32960310837444]]"
1,"[[(2, 8), (5, 6), (11, 25), (15, 17), (23, 14), (7, 26), (3, 29), (4, 6), (4, 11), (14, 4), (24, 11), (18, 15), (21, 15), (26, 12), (19, 1), (22, 14), (16, 9), (16, 18), (16, 19)]]","[[90.96930030703581, 13.689258973592782, 0.5229897358919742, 30.81640189612813, 45.91430326124169, 352.5523058203802, 94.28490419829008, 24.80295248308106, 184.5722590249809, 118.29280741579092, 76.44112050512162, 34.858837815326055, 23.804181358212364, 217.58123115599574, 131.58284481266168, 212.91724315971433, 2.683544170972868, 13.43710746050335, 55.14919403536873]]"
2,"[[(2, 8), (5, 6), (11, 25), (15, 17), (23, 14), (7, 26), (3, 29), (4, 6), (4, 11), (14, 4), (24, 11), (18, 15), (21, 15), (26, 12), (19, 1), (22, 14), (16, 9), (16, 18), (16, 19)]]","[[27.599926862842473, 23.72003475139897, 0.04530468215070771, 31.708587848835627, 47.84370820102304, 267.27381552660745, 43.560073761968205, 30.26618804754963, 152.2114345133154, 171.66686519802533, 76.65477673794669, 28.600001197286897, 25.01372118057672, 395.84813055942675, 157.82389659494748, 115.09550702628054, 3.6579783335171063, 18.07627084231577, 53.28711160027119]]"
3,"[[(2, 8), (5, 6), (11, 25), (15, 17), (23, 14), (7, 26), (3, 29), (4, 6), (4, 11), (14, 4), (24, 11), (18, 15), (21, 15), (26, 12), (19, 1), (22, 14), (16, 9), (16, 18), (16, 19)]]","[[37.45115691361958, 16.38820549112728, 0.8001265456224911, 11.857403121723381, 54.219108462840865, 291.1672815188719, 113.9924553266528, 17.9902136154607, 76.98663189521089, 56.520581483060056, 70.51155113886071, 56.37147987109115, 30.594669964664735, 331.2377648496267, 222.35495694582715, 83.20377334301983, 0.6540182560736394, 8.601378966122438, 48.46706915910925]]"
4,"[[(2, 8), (5, 6), (11, 25), (15, 17), (23, 14), (7, 26), (3, 29), (4, 6), (4, 11), (14, 4), (24, 11), (18, 15), (21, 15), (26, 12), (19, 1), (22, 14), (16, 9), (16, 18), (16, 19)]]","[[59.60492065203548, 10.41666658730917, 0.05006142404478653, 45.83033040453734, 51.17446831220756, 519.4494193044804, 112.35766778444342, 32.214463122339296, 123.40956853976301, 168.5180804598973, 70.61673647481362, 63.62182024463323, 23.570796290959564, 322.83056350482184, 293.87235040885366, 180.26842015501592, 3.6095978529739674, 21.975323274278935, 53.94195911012188]]"
5,"[[(2, 8), (5, 6), (11, 25), (15, 17), (23, 14), (7, 26), (3, 29), (4, 6), (4, 11), (14, 4), (24, 11), (18, 15), (21, 15), (26, 12), (19, 1), (22, 14), (16, 9), (16, 18), (16, 19)]]","[[94.9338366393948, 27.485358142441008, 0.9630952144154081, 42.585885532891965, 50.9828920841174, 512.1821722712234, 71.2999990326787, 18.965945465581385, 111.4563077571745, 202.79216231688324, 73.09199946893295, 61.535815016618116, 23.755323866473493, 232.3424117045805, 276.7187586593682, 211.3940472581093, 2.138908437734497, 18.960050413940664, 50.61284069011639]]"
6,"[[(2, 8), (5, 6), (11, 25), (15, 17), (23, 14), (7, 26), (3, 29), (4, 6), (4, 11), (14, 4), (24, 11), (18, 15), (21, 15), (26, 12), (19, 1), (22, 14), (16, 9), (16, 18), (16, 19)]]","[[140.5655180205767, 26.757059193249283, 0.9782515664420646, 11.721933604448202, 55.02489222127538, 479.0935051390212, 221.60004546028506, 13.898999061480119, 136.01705724703945, 160.80446825953547, 75.61205264967205, 48.1681608463109, 25.394348343919045, 199.87924877455316, 151.00138087131037, 192.71690113257614, 3.2012201887840974, 21.437353135176533, 56.568105690482255]]"
7,"[[(2, 8), (5, 6), (11, 25), (15, 17), (23, 14), (7, 26), (3, 29), (4, 6), (4, 11), (14, 4), (24, 11), (18, 15), (21, 15), (26, 12), (19, 1), (22, 14), (16, 9), (16, 18), (16, 19)]]","[[32.84224307993386, 29.693291549285334, 0.28052483744604784, 30.20329334140252, 56.11378960918799, 329.69454626114754, 223.60194899104448, 10.45480090262817, 93.814369960786, 131.66946793459593, 71.10587847348776, 54.36714659988244, 30.255071473429734, 208.2357232198521, 185.25341149523058, 177.86926734715934, 0.8632401446380835, 8.09858529905492, 52.11801937165416]]"
8,"[[(2, 8), (5, 6), (11, 25), (15, 17), (23, 14), (7, 26), (3, 29), (4, 6), (4, 11), (14, 4), (24, 11), (18, 15), (21, 15), (26, 12), (19, 1), (22, 14), (16, 9), (16, 18), (16, 19)]]","[[50.72631884128943, 22.26627024315112, 1.8825206785891913, 25.737332926950067, 55.77627508761594, 250.8334509674589, 200.63223827031078, 14.506192074462646, 159.79462724210998, 72.40726915051583, 71.42762530921456, 53.7403667564798, 26.566277206196048, 323.81240626191664, 310.63994730971183, 82.39508329533828, 3.9328615593265837, 19.130396449111252, 49.11054766953646]]"
9,"[[(2, 8), (5, 6), (11, 25), (15, 17), (23, 14), (7, 26), (3, 29), (4, 6), (4, 11), (14, 4), (24, 11), (18, 15), (21, 15), (26, 12), (19, 1), (22, 14), (16, 9), (16, 18), (16, 19)]]","[[58.87115295279528, 20.74276804359595, 0.34288203727154176, 17.85356262863992, 52.0855602839466, 432.6058223863746, 172.41085963151602, 14.50932761633429, 163.30404926560252, 75.34551683322242, 73.51565235562178, 42.23216489734387, 29.096339689853025, 319.4650168628375, 147.13342910879953, 180.7943947559454, 2.2464785480092555, 11.756383492282637, 50.78285629448966]]"
10,"[[(2, 8), (5, 6), (11, 25), (15, 17), (23, 14), (7, 26), (3, 29), (4, 6), (4, 11), (14, 4), (24, 11), (18, 15), (21, 15), (26, 12), (19, 1), (22, 14), (16, 9), (16, 18), (16, 19)]]","[[106.35459381386464, 29.339622781085783, 1.7979572479161832, 28.333145004253538, 54.13543716617054, 298.4593196242731, 217.78988083071633, 21.82371996930464, 82.81831197086326, 151.19803086051434, 68.05777859417829, 49.79986377007596, 30.136999102647284, 337.00901744016585, 195.08153438793755, 166.82127912641286, 2.3972763955911267, 10.808552776512046, 55.46215021004842]]"
11,"[[(2, 8), (5, 6), (11, 25), (15, 17), (23, 14), (7, 26), (3, 29), (4, 6), (4, 11), (14, 4), (24, 11), (18, 15), (21, 15), (26, 12), (19, 1), (22, 14), (16, 9), (16, 18), (16, 19)]]","[[107.15077241663622, 23.811972124673353, 0.4877592537661193, 47.22911945162599, 48.66733636016009, 454.80938609710597, 91.37732414060164, 22.18022401345681, 154.45987713294912, 116.03023838120423, 69.3690735963781, 40.500099296458075, 25.448820176918314, 160.28549350410537, 148.646250406361, 133.32555289342685, 3.7847969736070546, 18.719118786428407, 49.73354784628976]]"
12,"[[(2, 8), (5, 6), (11, 25), (15, 17), (23, 14), (7, 26), (3, 29), (4, 6), (4, 11), (14, 4), (24, 11), (18, 15), (21, 15), (26, 12), (19, 1), (22, 14), (16, 9), (16, 18), (16, 19)]]","[[52.22777715777832, 18.19040952960076, 1.3182029155641588, 24.10714987398841, 50.12788842717267, 269.34951501362315, 179.35436041891512, 22.441027773664075, 146.82260971337706, 112.72532849038143, 77.17686777863553, 21.414446864790985, 27.94064561836167, 264.5533520742076, 167.55296167460804, 97.29130457959882, 3.494960586267679, 17.710301952899748, 52.88385515683434]]"
13,"[[(2, 8), (5, 6), (11, 25), (15, 17), (23, 14), (7, 26), (3, 29), (4, 6), (4, 11), (14, 4), (24, 11), (18, 15), (21, 15), (26, 12), (19, 1), (22, 14), (16, 9), (16, 18), (16, 19)]]","[[36.0124264263346, 17.78263978250635, 1.241932220304206, 30.705987039200128, 58.212349060045824, 259.3136127566929, 47.781344960725185, 26.765473569118853, 156.33776401654643, 128.73498950175582, 75.56247272857209, 45.79935994406477, 23.589649456043063, 391.4471119937022, 182.50720908186668, 99.9090584588005, 0.3214330199462685, 18.378512937199805, 55.97945799205115]]"
14,"[[(2, 8), (5, 6), (11, 25), (15, 17), (23, 14), (7, 26), (3, 29), (4, 6), (4, 11), (14, 4), (24, 11), (18, 15), (21, 15), (26, 12), (19, 1), (22, 14), (16, 9), (16, 18), (16, 19)]]","[[55.094256993845676, 20.730933481840104, 1.3964143958011195, 35.315238166887205, 46.95990137511332, 471.59366972881327, 65.5415585633584, 27.774110397704337, 178.14459452665716, 183.22871497750472, 69.9813615204016, 59.18888526355483, 28.42598455362476, 131.5803822743916, 195.2435229521205, 84.64587151518928, 2.376784839714366, 8.444567604323963, 48.60008000580505]]"
15,"[[(2, 8), (5, 6), (11, 25), (15, 17), (23, 14), (7, 26), (3, 29), (4, 6), (4, 11), (14, 4), (24, 11), (18, 15), (21, 15), (26, 12), (19, 1), (22, 14), (16, 9), (16, 18), (16, 19)]]","[[36.22113003416818, 24.883195438347933, 0.32808503555923196, 42.937119971043415, 47.99748057195752, 452.6551829044299, 118.23520736209565, 19.85547724610036, 151.71010085870392, 94.84540187417838, 77.2627243820657, 38.1993366272, 25.90644128531393, 183.10900354659887, 145.954951521712, 131.19773558133795, 3.5337055909519433, 18.787158444329677, 56.642458622075935]]"
16,"[[(2, 8), (5, 6), (11, 25), (15, 17), (23, 14), (7, 26), (3, 29), (4, 6), (4, 11), (14, 4), (24, 11), (18, 15), (21, 15), (26, 12), (19, 1), (22, 14), (16, 9), (16, 18), (16, 19)]]","[[68.74246123711347, 22.181502780465152, 1.002231992442259, 12.426209397861777, 54.69958443338179, 345.0510252281582, 178.4359879232399, 19.77464406417279, 85.53269689164067, 144.65249931993947, 70.93906876325981, 48.50408545442261, 28.136174197419273, 404.21921312537296, 120.31864221165944, 103.82317811882926, 0.19676392081214544, 6.622748416774409, 48.92921282209402]]"
17,"[[(2, 8), (5, 6), (11, 25), (15, 17), (23, 14), (7, 26), (3, 29), (4, 6), (4, 11), (14, 4), (24, 11), (18, 15), (21, 15), (26, 12), (19, 1), (22, 14), (16, 9), (16, 18), (16, 19)]]","[[89.10587261002206, 17.634218700655556, 1.6526545421258503, 23.938503407971528, 48.62812124283836, 514.0152002682535, 105.01596444892502, 29.70476845781964, 141.14262236227214, 223.2943920844066, 70.12455307844904, 53.03737502134389, 27.41078400246287, 212.52986663422726, 136.1355780814164, 194.89063301815332, 3.177752932863784, 18.472603230496183, 51.785721394565726]]"
18,"[[(2, 8), (5, 6), (11, 25), (15, 17), (23, 14), (7, 26), (3, 29), (4, 6), (4, 11), (14, 4), (24, 11), (18, 15), (21, 15), (26, 12), (19, 1), (22, 14), (16, 9), (16, 18), (16, 19)]]","[[87.58684520518877, 11.749040370169048, 0.7189585805094398, 16.938861603666915, 57.18306537251713, 259.3556099717935, 196.65683170234257, 17.467889526559148, 116.85666229296413, 81.42174495223648, 72.2752855824198, 31.150673341550203, 27.616140188883676, 141.3932516619385, 162.92079439110432, 213.01700562590645, 2.4310483357287405, 18.243001951330328, 48.8466475553146]]"
19,"[[(2, 8), (5, 6), (11, 25), (15, 17), (23, 14), (7, 26), (3, 29), (4, 6), (4, 11), (14, 4), (24, 11), (18, 15), (21, 15), (26, 12), (19, 1), (22, 14), (16, 9), (16, 18), (16, 19)]]","[[132.94508080738422, 19.597190118917194, 0.9717342453564608, 19.820670777735977, 53.72815006491183, 494.19549029666035, 192.34717606164074, 24.52692709988844, 68.24520004432367, 232.74536921190597, 73.08317530691588, 35.16334652612845, 30.30640631167167, 292.7755358790764, 268.47944796443164, 129.32308747336296, 1.7622246458557953, 15.893469207931075, 52.74716794824086]]"
20,"[[(2, 8), (5, 6), (11, 25), (15, 17), (23, 14), (7, 26), (3, 29), (4, 6), (4, 11), (14, 4), (24, 11), (18, 15), (21, 15), (26, 12), (19, 1), (22, 14), (16, 9), (16, 18), (16, 19)]]","[[40.34907558706392, 29.62224591403535, 0.4303839387238111, 33.080473816864526, 53.0978519909207, 240.30238061468444, 237.05002793172386, 29.07487484120208, 187.49802575253034, 55.652868780600656, 76.62410431168769, 49.39013179216153, 29.47045325667158, 245.33921027666054, 206.89360587621033, 162.79167582067072, 2.0019532302236525, 4.978787210573094, 52.23434277557633]]"
21,"[[(2, 8), (5, 6), (11, 25), (15, 17), (23, 14), (7, 26), (3, 29), (4, 6), (4, 11), (14, 4), (24, 11), (18, 15), (21, 15), (26, 12), (19, 1), (22, 14), (16, 9), (16, 18), (16, 19)]]","[[42.28165409703116, 24.729234087090262, 1.6600102613267718, 12.295714825935006, 47.52503091947487, 260.5702347735004, 147.04082329808372, 31.142954378050952, 116.96741419249778, 52.7212608204556, 72.94894619565568, 55.05268177906086, 24.330501602823848, 264.08397261404696, 188.47335636572024, 156.29670455037814, 3.9735933252122217, 16.401294198441697, 53.00225437095635]]"
22,"[[(2, 8), (5, 6), (11, 25), (15, 17), (23, 14), (7, 26), (3, 29), (4, 6), (4, 11), (14, 4), (24, 11), (18, 15), (21, 15), (26, 12), (19, 1), (22, 14), (16, 9), (16, 18), (16, 19)]]","[[19.33316717381614, 17.61510806974345, 1.1760612206353889, 45.02423423543206, 49.89008288498725, 499.52052952422844, 204.4148202240088, 16.84792484109746, 116.1625892208138, 73.69039649527265, 75.56117861790624, 44.23448951450494, 25.745497173406108, 285.3401087738952, 306.9962248294846, 145.0351626299505, 3.8180946086957, 7.613375770194579, 52.16734466267213]]"
23,"[[(2, 8), (5, 6), (11, 25), (15, 17), (23, 14), (7, 26), (3, 29), (4, 6), (4, 11), (14, 4), (24, 11), (18, 15), (21, 15), (26, 12), (19, 1), (22, 14), (16, 9), (16, 18), (16, 19)]]","[[31.402488102702552, 22.38871695615829, 1.9618284201124276, 22.949205612813362, 46.58234316245777, 241.47436497501943, 40.066339737374825, 32.59521321204812, 82.4135780015302, 81.59174640326734, 69.55420369612996, 31.308784576075087, 24.743944930723945, 295.1796043364171, 249.99756399494981, 130.07496542814627, 0.7760768728798282, 9.146899762618656, 54.15345533140456]]"
24,"[[(2, 8), (5, 6), (11, 25), (15, 17), (23, 14), (7, 26), (3, 29), (4, 6), (4, 11), (14, 4), (24, 11), (18, 15), (21, 15), (26, 12), (19, 1), (22, 14), (16, 9), (16, 18), (16, 19)]]","[[90.1658498200607, 29.705528921557104, 0.6030361193766791, 25.469907628222373, 58.971813569032555, 334.06611517998726, 216.8809926137483, 14.81455369726594, 146.27442087408437, 130.4895041889253, 76.37129598178751, 47.96319288837019, 30.31764856984437, 320.7349336845191, 134.91521372823414, 143.66026858014516, 3.944782039931387, 4.485632339654872, 55.112727588299066]]"
25,"[[(2, 8), (5, 6), (11, 25), (15, 17), (23, 14), (7, 26), (3, 29), (4, 6), (4, 11), (14, 4), (24, 11), (18, 15), (21, 15), (26, 12), (19, 1), (22, 14), (16, 9), (16, 18), (16, 19)]]","[[71.09107662734314, 22.20884918326773, 1.1544472602053226, 38.79242500176026, 51.418527412782275, 530.9180552204559, 211.47613546759445, 27.187563888277754, 123.87449932125601, 100.82607771279831, 77.91707332497602, 52.62804805536209, 28.159485255494076, 172.43887940327727, 183.3134362663597, 106.0353446963851, 1.4888985260368015, 16.1310917077992, 49.77864457839362]]"
26,"[[(2, 8), (5, 6), (11, 25), (15, 17), (23, 14), (7, 26), (3, 29), (4, 6), (4, 11), (14, 4), (24, 11), (18, 15), (21, 15), (26, 12), (19, 1), (22, 14), (16, 9), (16, 18), (16, 19)]]","[[78.59401847900793, 11.411550882298492, 1.9554064408749343, 36.54719682797018, 54.85225878127219, 522.4707472566249, 89.7512550666448, 18.74541152634069, 71.06337434800655, 145.92425178090264, 75.39493498997791, 23.299123102499287, 26.720485999714377, 125.88541163973125, 168.8612716899051, 109.77039355819105, 2.192220920862097, 11.915094695127493, 50.01422569686911]]"
27,"[[(2, 8), (5, 6), (11, 25), (15, 17), (23, 14), (7, 26), (3, 29), (4, 6), (4, 11), (14, 4), (24, 11), (18, 15), (21, 15), (26, 12), (19, 1), (22, 14), (16, 9), (16, 18), (16, 19)]]","[[105.45149243224566, 13.44411291653367, 1.7221341757598165, 31.564475347031564, 56.436118558726704, 246.7698019975766, 177.45107505342082, 25.305606490905205, 95.42976340907319, 176.6484822899961, 76.33884069975919, 64.43414307340026, 30.419214410103972, 333.9094384302767, 308.57778464800344, 132.24426406774694, 3.1780522822465787, 17.882738516491344, 51.37746069284447]]"
28,"[[(2, 8), (5, 6), (11, 25), (15, 17), (23, 14), (7, 26), (3, 29), (4, 6), (4, 11), (14, 4), (24, 11), (18, 15), (21, 15), (26, 12), (19, 1), (22, 14), (16, 9), (16, 18), (16, 19)]]","[[76.4306496262641, 15.591743610081284, 0.9977613603400541, 14.99380149665407, 49.344212392927886, 456.24788747883434, 239.22029216751324, 29.745038051932426, 111.92464318630499, 240.25059208374907, 71.44498679995104, 60.717647159993106, 29.392849886308362, 361.9578571786891, 186.0348385160768, 95.43258300312387, 0.5635951927345841, 12.84361441838045, 53.93903931542697]]"
29,"[[(2, 8), (5, 6), (11, 25), (15, 17), (23, 14), (7, 26), (3, 29), (4, 6), (4, 11), (14, 4), (24, 11), (18, 15), (21, 15), (26, 12), (19, 1), (22, 14), (16, 9), (16, 18), (16, 19)]]","[[96.38750262320215, 17.010194936535935, 1.842008094055686, 46.08535257803568, 54.64342517735301, 285.7577905211354, 60.0899162645672, 28.467470410771853, 82.82525186228536, 162.03504836384795, 75.6843894273544, 43.87336999336563, 28.670440946095017, 217.30630183363098, 304.34035565048566, 110.23360442077454, 2.9722845655456696, 8.634402732599925, 49.06504371747898]]"
30,"[[(2, 8), (5, 6), (11, 25), (15, 17), (23, 14), (7, 26), (3, 29), (4, 6), (4, 11), (14, 4), (24, 11), (18, 15), (21, 15), (26, 12), (19, 1), (22, 14), (16, 9), (16, 18), (16, 19)]]","[[118.0554808216162, 13.065207305971033, 1.3042398569541434, 20.744717892661402, 46.95501883383215, 410.5169692511947, 78.2906641024743, 22.84485019415039, 133.78801777615058, 227.4169735290821, 70.48611725241032, 38.16304014029353, 30.204337556112698, 399.2350184825627, 311.8203645856963, 101.66500515210515, 0.9734377223352997, 8.156116834814638, 51.219523733817695]]"
31,"[[(2, 8), (5, 6), (11, 25), (15, 17), (23, 14), (7, 26), (3, 29), (4, 6), (4, 11), (14, 4), (24, 11), (18, 15), (21, 15), (26, 12), (19, 1), (22, 14), (16, 9), (16, 18), (16, 19)]]","[[128.29906372585734, 19.678469695583324, 0.5926562889838602, 42.881892251215, 45.24783958922421, 230.55727277977195, 134.38714781543126, 20.58684624944199, 89.1258699368481, 112.19989605761067, 72.34670913273024, 21.677542601197178, 23.335084151333263, 365.83585232120134, 270.0988377719935, 100.38144992298687, 0.9455177507943571, 15.747882232544583, 48.16826969691979]]"
32,"[[(2, 8), (5, 6), (11, 25), (15, 17), (23, 14), (7, 26), (3, 29), (4, 6), (4, 11), (14, 4), (24, 11), (18, 15), (21, 15), (26, 12), (19, 1), (22, 14), (16, 9), (16, 18), (16, 19)]]","[[50.78027943308782, 18.46587684272646, 1.8679440819161086, 13.216406139348672, 48.88443999595723, 334.97043419320005, 37.26686718907848, 15.5769840383678, 117.46826642799223, 231.92625552751898, 72.96862221660986, 58.22840003603219, 24.95313689560755, 235.3388888659892, 125.31257634235116, 109.469585188487, 0.5780964744996524, 14.132767844903812, 50.013698566927125]]"
33,"[[(2, 8), (5, 6), (11, 25), (15, 17), (23, 14), (7, 26), (3, 29), (4, 6), (4, 11), (14, 4), (24, 11), (18, 15), (21, 15), (26, 12), (19, 1), (22, 14), (16, 9), (16, 18), (16, 19)]]","[[24.556355352490957, 15.635924118032335, 0.5246318457430674, 37.15148748042775, 57.54618873251053, 286.2839759880095, 214.71909887400676, 18.097661199003845, 108.06334510696928, 135.75354776033157, 73.67351547729298, 53.797383017724904, 26.410931089357817, 402.98800482598847, 254.22504042585288, 145.34934355793177, 2.3775549120774366, 21.97836342110176, 48.39922868548326]]"
34,"[[(2, 8), (5, 6), (11, 25), (15, 17), (23, 14), (7, 26), (3, 29), (4, 6), (4, 11), (14, 4), (24, 11), (18, 15), (21, 15), (26, 12), (19, 1), (22, 14), (16, 9), (16, 18), (16, 19)]]","[[115.23502296685162, 16.28033537092616, 1.5322827649657174, 42.15712168170188, 51.24355206339805, 445.3094104140584, 213.21749291587417, 15.073085808419517, 185.901235760809, 72.86371984274436, 72.05471596275497, 51.296938237742765, 29.10459125975294, 242.09203119845222, 238.00490275801846, 205.68121371684987, 2.8422827955858483, 16.317784734518042, 50.72201589718308]]"
35,"[[(2, 8), (5, 6), (11, 25), (15, 17), (23, 14), (7, 26), (3, 29), (4, 6), (4, 11), (14, 4), (24, 11), (18, 15), (21, 15), (26, 12), (19, 1), (22, 14), (16, 9), (16, 18), (16, 19)]]","[[106.6371660227299, 28.178703849490645, 1.172817827595912, 47.76133484681952, 53.53460495950058, 258.9553057188043, 93.3685184948399, 16.301210623540566, 108.46526103363067, 78.18382966181721, 68.21960443039653, 52.51593327763767, 27.12461690104622, 248.04213931526732, 295.1461607214775, 186.8538750459592, 3.1677827815198714, 15.26228613386943, 52.09168541413199]]"
36,"[[(2, 8), (5, 6), (11, 25), (15, 17), (23, 14), (7, 26), (3, 29), (4, 6), (4, 11), (14, 4), (24, 11), (18, 15), (21, 15), (26, 12), (19, 1), (22, 14), (16, 9), (16, 18), (16, 19)]]","[[41.6014858311453, 25.454430672486332, 1.135215783852609, 32.25946059666067, 46.60925731900616, 461.72335129506996, 94.06346139610574, 25.882670519895093, 95.08596712097247, 150.21450787394377, 77.57429278014251, 32.08022833900404, 24.657286959866344, 402.8243104875862, 212.04858891845686, 201.0376967067009, 1.709230437643102, 12.079571456198464, 51.60910553894212]]"
37,"[[(2, 8), (5, 6), (11, 25), (15, 17), (23, 14), (7, 26), (3, 29), (4, 6), (4, 11), (14, 4), (24, 11), (18, 15), (21, 15), (26, 12), (19, 1), (22, 14), (16, 9), (16, 18), (16, 19)]]","[[76.92694849813088, 8.46842773740834, 0.5787380994708196, 17.398964819287286, 51.62401874796112, 253.13477094086596, 108.33278504162764, 14.20719956070246, 191.8327548770635, 54.21928640236394, 73.32152439320036, 63.55790082191978, 27.084565224716556, 262.63868987687306, 195.96030915158752, 155.1538116707294, 2.33585200909077, 8.758036725165667, 49.19051323357772]]"
38,"[[(2, 8), (5, 6), (11, 25), (15, 17), (23, 14), (7, 26), (3, 29), (4, 6), (4, 11), (14, 4), (24, 11), (18, 15), (21, 15), (26, 12), (19, 1), (22, 14), (16, 9), (16, 18), (16, 19)]]","[[141.47476658455832, 10.120416169768607, 0.24086676776108162, 22.74280063619367, 51.96733181129164, 516.6226865418525, 112.60783890618414, 15.029686916666787, 200.84652157793707, 57.60589485384083, 73.09433356758625, 44.328526596401694, 25.846741884033058, 225.58244436163534, 242.56430014758536, 84.91180110441589, 0.10776758219735738, 14.852729996408904, 54.43948421262125]]"
39,"[[(2, 8), (5, 6), (11, 25), (15, 17), (23, 14), (7, 26), (3, 29), (4, 6), (4, 11), (14, 4), (24, 11), (18, 15), (21, 15), (26, 12), (19, 1), (22, 14), (16, 9), (16, 18), (16, 19)]]","[[40.73778597812587, 21.483299956139795, 1.614873630276693, 44.87560034395658, 57.746726640324084, 255.29311809517267, 191.42742062143606, 16.169233083304754, 83.88951895443607, 68.41611860008587, 72.4950216112962, 31.883988156056528, 25.24277773812291, 291.6509003999373, 252.6271587538518, 176.93361671563525, 2.7364022780243764, 5.591482283512773, 53.00788184244395]]"
40,"[[(2, 8), (5, 6), (11, 25), (15, 17), (23, 14), (7, 26), (3, 29), (4, 6), (4, 11), (14, 4), (24, 11), (18, 15), (21, 15), (26, 12), (19, 1), (22, 14), (16, 9), (16, 18), (16, 19)]]","[[92.41097184137983, 13.303555164713927, 0.6892454577920857, 46.7765920728703, 56.62430139572768, 362.27642904661707, 99.97744846195184, 15.954740110352589, 107.61439658478224, 100.86246077429743, 69.52786056307897, 54.03730312243616, 24.742636920611986, 193.7736429964915, 229.47071035455758, 103.4934505113452, 2.257088830400975, 13.708092095129167, 52.03860136896553]]"
41,"[[(2, 8), (5, 6), (11, 25), (15, 17), (23, 14), (7, 26), (3, 29), (4, 6), (4, 11), (14, 4), (24, 11), (18, 15), (21, 15), (26, 12), (19, 1), (22, 14), (16, 9), (16, 18), (16, 19)]]","[[28.274935605368313, 11.301289768664194, 0.7608300388435392, 45.67405506085843, 55.205916587839106, 288.78590720609554, 223.77334036908462, 14.54342770776795, 66.32247118040398, 207.17656896958619, 73.94446167938307, 37.86573844345599, 25.073248578778827, 314.9952171425732, 250.7220238215026, 176.51982651751948, 1.1325667330217137, 5.1976008755552, 48.9279147799027]]"
42,"[[(2, 8), (5, 6), (11, 25), (15, 17), (23, 14), (7, 26), (3, 29), (4, 6), (4, 11), (14, 4), (24, 11), (18, 15), (21, 15), (26, 12), (19, 1), (22, 14), (16, 9), (16, 18), (16, 19)]]","[[125.10649291771735, 26.147144438452145, 0.6450703042018586, 16.524570560532368, 54.350632531677654, 501.87957958412056, 85.53717296401356, 17.10127467639889, 101.1850166789433, 96.2583140076276, 73.61937778214514, 44.09230239741469, 28.29930282613214, 182.9731832803085, 291.74641137081113, 131.2630164399495, 1.420372997475718, 20.633319872127004, 56.30700611148662]]"
43,"[[(2, 8), (5, 6), (11, 25), (15, 17), (23, 14), (7, 26), (3, 29), (4, 6), (4, 11), (14, 4), (24, 11), (18, 15), (21, 15), (26, 12), (19, 1), (22, 14), (16, 9), (16, 18), (16, 19)]]","[[58.93929248930227, 10.680902591976896, 1.8691623962751198, 48.845173532240544, 56.75784465148905, 466.1249189914062, 241.70268204098323, 18.4228809637708, 69.76358705096183, 103.60829630077389, 70.84940150545205, 59.24635171789716, 24.188242902377617, 144.00217230297844, 161.06793028296158, 199.64165406245462, 1.9069132783605371, 17.896762106484736, 50.085750983885944]]"
44,"[[(2, 8), (5, 6), (11, 25), (15, 17), (23, 14), (7, 26), (3, 29), (4, 6), (4, 11), (14, 4), (24, 11), (18, 15), (21, 15), (26, 12), (19, 1), (22, 14), (16, 9), (16, 18), (16, 19)]]","[[40.588692807380184, 12.302529389102748, 0.6661790175774696, 15.849439951531513, 52.878522368563786, 439.5607992662178, 78.717463371921, 20.035626864088275, 154.17656104453596, 86.15906291017367, 75.42452117314397, 68.80168455441887, 23.52528633720267, 213.952969641176, 263.22677106168396, 160.5826729032015, 2.352857407378904, 7.680780878839018, 55.767862228839455]]"
45,"[[(2, 8), (5, 6), (11, 25), (15, 17), (23, 14), (7, 26), (3, 29), (4, 6), (4, 11), (14, 4), (24, 11), (18, 15), (21, 15), (26, 12), (19, 1), (22, 14), (16, 9), (16, 18), (16, 19)]]","[[105.30218093603516, 15.729703734686643, 0.7866491918309315, 33.93993628186048, 51.17641653158252, 218.64457142391734, 240.68328384192793, 28.90883242179326, 181.17231090587126, 56.08241603631702, 74.11900640302594, 33.12789351603164, 28.644384509674325, 218.0806137085043, 108.5556678661522, 113.13405995289465, 1.4621268058714874, 15.63753535119321, 53.222993196879614]]"
46,"[[(2, 8), (5, 6), (11, 25), (15, 17), (23, 14), (7, 26), (3, 29), (4, 6), (4, 11), (14, 4), (24, 11), (18, 15), (21, 15), (26, 12), (19, 1), (22, 14), (16, 9), (16, 18), (16, 19)]]","[[72.65033350612582, 28.263272444901233, 0.019689173838099316, 48.49069809191229, 45.71819617242634, 500.15337934622653, 218.53685043300118, 21.639947298303554, 140.27749228488778, 85.45489415725123, 70.88494728251169, 35.6071478349418, 26.374198773675193, 177.3352480840477, 147.32954455637363, 104.79522729394321, 3.874801105759888, 8.734161630127833, 51.21119023148556]]"
47,"[[(2, 8), (5, 6), (11, 25), (15, 17), (23, 14), (7, 26), (3, 29), (4, 6), (4, 11), (14, 4), (24, 11), (18, 15), (21, 15), (26, 12), (19, 1), (22, 14), (16, 9), (16, 18), (16, 19)]]","[[73.08997705589934, 6.198825669774972, 1.7723386059360875, 13.015810952393618, 58.00595215557101, 471.66463141704367, 48.91313651964064, 12.428155932604604, 118.97783646560666, 187.35334048375685, 69.76061756271042, 60.44448865607311, 26.904297073200738, 154.45273946230952, 291.8900759934373, 132.98939554054812, 2.9199585539034723, 16.69217374206538, 53.977803537758916]]"
48,"[[(2, 8), (5, 6), (11, 25), (15, 17), (23, 14), (7, 26), (3, 29), (4, 6), (4, 11), (14, 4), (24, 11), (18, 15), (21, 15), (26, 12), (19, 1), (22, 14), (16, 9), (16, 18), (16, 19)]]","[[62.34103155553159, 16.642344428998065, 1.897838565482986, 26.119481226319294, 53.22290079837522, 242.59618581351683, 236.4025638078136, 27.864127572180948, 122.4507289102865, 84.85907103567828, 73.72206694239398, 44.602377897957496, 28.4723374657485, 362.45945629604716, 137.77304359933302, 165.5820442675514, 2.301746847031884, 16.788516559454713, 49.25604057675926]]"
49,"[[(2, 8), (5, 6), (11, 25), (15, 17), (23, 14), (7, 26), (3, 29), (4, 6), (4, 11), (14, 4), (24, 11), (18, 15), (21, 15), (26, 12), (19, 1), (22, 14), (16, 9), (16, 18), (16, 19)]]","[[100.8396943192031, 13.100942848862069, 0.12377764166873617, 28.227259894743714, 56.42710223006974, 421.0611912100559, 105.97418718717503, 23.624234995168933, 124.12725034727674, 130.65913323422416, 75.5688318650806, 43.705834073082244, 26.602709758455916, 315.0323615954626, 248.43496519118395, 164.55287738876282, 2.35577127430828, 9.42225845941891, 53.94247367640595]]"
50,"[[(2, 8), (5, 6), (11, 25), (15, 17), (23, 14), (7, 26), (3, 29), (4, 6), (4, 11), (14, 4), (24, 11), (18, 15), (21, 15), (26, 12), (19, 1), (22, 14), (16, 9), (16, 18), (16, 19)]]","[[87.19035765848116, 19.022812261319608, 1.6899764576478056, 29.395983031350724, 48.08857141866507, 239.82612153592265, 187.31005961689792, 33.81436284514339, 75.9329072315778, 165.82246732955213, 75.59035951348432, 38.947570233403724, 27.523047884035247, 363.06248920578514, 274.0928661189119, 107.19280518711527, 2.6700162438790715, 13.675636226454253, 51.4101480623785]]"
51,"[[(2, 8), (5, 6), (11, 25), (15, 17), (23, 14), (7, 26), (3, 29), (4, 6), (4, 11), (14, 4), (24, 11), (18, 15), (21, 15), (26, 12), (19, 1), (22, 14), (16, 9), (16, 18), (16, 19)]]","[[20.684120880823016, 13.640084357258825, 0.23208960898100783, 19.20330224634157, 50.18217210852095, 364.50193156742966, 64.86743831785478, 12.284355378684722, 197.26297561916, 108.67979538713314, 68.19363855275246, 24.265601843291616, 28.584037742240174, 322.64251462455525, 140.7569329415375, 110.0270551895685, 1.5825837761812585, 14.239276245482513, 54.05686881066356]]"
52,"[[(2, 8), (5, 6), (11, 25), (15, 17), (23, 14), (7, 26), (3, 29), (4, 6), (4, 11), (14, 4), (24, 11), (18, 15), (21, 15), (26, 12), (19, 1), (22, 14), (16, 9), (16, 18), (16, 19)]]","[[56.195233152208495, 29.733512433859502, 1.0053064721343763, 21.982978851666125, 54.0282608710646, 510.3847823183619, 60.19667672165508, 23.185684154713513, 125.41411927549538, 138.18185616597873, 68.37229923252181, 25.573235548907277, 28.472288203837476, 142.51719500582797, 248.69144891554444, 173.13967970347412, 2.3746734692690823, 13.594960245915265, 55.057853181504214]]"
53,"[[(2, 8), (5, 6), (11, 25), (15, 17), (23, 14), (7, 26), (3, 29), (4, 6), (4, 11), (14, 4), (24, 11), (18, 15), (21, 15), (26, 12), (19, 1), (22, 14), (16, 9), (16, 18), (16, 19)]]","[[82.16999430131443, 14.260945645317598, 1.4326858177221526, 46.317849547175705, 50.94217373551434, 284.88734910348967, 107.73327527030885, 30.443988443082805, 117.39939194570033, 211.66563728364147, 72.44223756928977, 62.11501545058742, 25.010133405629233, 280.6592175599694, 148.35308187094233, 193.17683097635728, 3.54509951239802, 9.08977533799737, 47.36318859295726]]"
54,"[[(2, 8), (5, 6), (11, 25), (15, 17), (23, 14), (7, 26), (3, 29), (4, 6), (4, 11), (14, 4), (24, 11), (18, 15), (21, 15), (26, 12), (19, 1), (22, 14), (16, 9), (16, 18), (16, 19)]]","[[51.74227438772094, 17.592226495386484, 0.8946228725190906, 16.20272411028963, 55.7754152890291, 503.9729780123857, 135.44193543331113, 20.247013442269616, 111.72305056509668, 110.8814105768447, 71.13792253405151, 22.309448166560497, 28.811568280404508, 341.4668245395627, 261.87239037313964, 207.06366524272272, 3.1285397425520927, 16.590803518913276, 52.937245755841666]]"
55,"[[(2, 8), (5, 6), (11, 25), (15, 17), (23, 14), (7, 26), (3, 29), (4, 6), (4, 11), (14, 4), (24, 11), (18, 15), (21, 15), (26, 12), (19, 1), (22, 14), (16, 9), (16, 18), (16, 19)]]","[[109.51358252871681, 18.138433467420214, 0.4484551439366564, 25.25454136158557, 45.9187066814123, 269.8649554203273, 184.91492828165815, 23.841093597723884, 134.3100144825755, 88.81126200534005, 74.13331590755858, 32.75097660419946, 23.202085071401967, 216.1853132574372, 184.7642420858183, 133.50123019448958, 3.036749278077936, 17.40544004499146, 52.160316887138706]]"
56,"[[(2, 8), (5, 6), (11, 25), (15, 17), (23, 14), (7, 26), (3, 29), (4, 6), (4, 11), (14, 4), (24, 11), (18, 15), (21, 15), (26, 12), (19, 1), (22, 14), (16, 9), (16, 18), (16, 19)]]","[[43.22887526157329, 19.697386198177597, 0.27980396529043294, 27.93097918819692, 47.868284359545896, 341.2968955705912, 175.1411626583171, 23.327362589060662, 130.1295005431668, 233.79526030535573, 68.53932630107776, 61.164282682525084, 24.535563944585252, 332.220599516573, 302.833853235496, 106.99893041630196, 1.085366384787311, 17.010568568951758, 55.69330923310723]]"
57,"[[(2, 8), (5, 6), (11, 25), (15, 17), (23, 14), (7, 26), (3, 29), (4, 6), (4, 11), (14, 4), (24, 11), (18, 15), (21, 15), (26, 12), (19, 1), (22, 14), (16, 9), (16, 18), (16, 19)]]","[[94.10398813503535, 29.012322597551968, 1.9366485193087537, 48.60876011608962, 47.39487734709678, 262.9140737352241, 206.81080510389947, 30.07493377474962, 69.19498081176808, 114.55338822827198, 70.99258131567127, 57.831235634415506, 27.623346938717116, 330.2760897020047, 227.18906964720236, 209.75642550404362, 3.7007556480159876, 18.001242657627493, 55.02108922070481]]"
58,"[[(2, 8), (5, 6), (11, 25), (15, 17), (23, 14), (7, 26), (3, 29), (4, 6), (4, 11), (14, 4), (24, 11), (18, 15), (21, 15), (26, 12), (19, 1), (22, 14), (16, 9), (16, 18), (16, 19)]]","[[18.599206077499275, 24.95700880136331, 0.9929760601400368, 48.891399161438656, 58.560331562943844, 389.6842240190896, 129.5282992573666, 10.603019700143204, 178.45029261364883, 159.38075238674764, 73.17630630187284, 65.65174619497644, 24.80262426014284, 355.16282400755404, 205.95082299587324, 152.4049608114344, 0.1538609984853072, 6.747525535986679, 53.96462116199718]]"
59,"[[(2, 8), (5, 6), (11, 25), (15, 17), (23, 14), (7, 26), (3, 29), (4, 6), (4, 11), (14, 4), (24, 11), (18, 15), (21, 15), (26, 12), (19, 1), (22, 14), (16, 9), (16, 18), (16, 19)]]","[[64.66516717415024, 21.093785435517034, 0.0311299909485081, 25.895618513728767, 49.62048292287308, 241.49306239029454, 222.478788310181, 11.849938136003814, 85.1109841493462, 57.44975822508584, 76.22791673802648, 59.87231148139202, 28.016287552114782, 312.47267993787693, 317.30940662877686, 139.0325464901791, 2.5690100877401796, 8.96182746371249, 49.638087428777446]]"
60,"[[(2, 8), (5, 6), (11, 25), (15, 17), (23, 14), (7, 26), (3, 29), (4, 6), (4, 11), (14, 4), (24, 11), (18, 15), (21, 15), (26, 12), (19, 1), (22, 14), (16, 9), (16, 18), (16, 19)]]","[[91.30539326813695, 28.837241603256654, 1.3489661890107414, 45.53933690241085, 55.25848449933983, 400.26619935142884, 119.77446753834184, 15.328323435298362, 187.8375440283909, 223.50366865151435, 68.14697106838594, 55.138306119143365, 24.09694306217351, 224.45639029669988, 214.22538914967822, 95.42873034546463, 2.6793064652583967, 14.392807810749899, 50.209670205784874]]"
61,"[[(2, 8), (5, 6), (11, 25), (15, 17), (23, 14), (7, 26), (3, 29), (4, 6), (4, 11), (14, 4), (24, 11), (18, 15), (21, 15), (26, 12), (19, 1), (22, 14), (16, 9), (16, 18), (16, 19)]]","[[49.40323804560868, 14.038330885007236, 1.7543662212828133, 22.450701252086493, 51.00205790688908, 378.563903005607, 85.49694234116244, 31.758529681346083, 117.7932468920626, 55.12093463907344, 68.6426228480695, 36.08418988842637, 25.0769049249916, 303.16974034651946, 189.72222947182843, 175.76390270240918, 1.7916974838110615, 4.608466077718452, 56.8850089258659]]"
62,"[[(2, 8), (5, 6), (11, 25), (15, 17), (23, 14), (7, 26), (3, 29), (4, 6), (4, 11), (14, 4), (24, 11), (18, 15), (21, 15), (26, 12), (19, 1), (22, 14), (16, 9), (16, 18), (16, 19)]]","[[64.33274237953324, 7.6358685649135225, 1.3385456093617878, 13.527828314873526, 49.06024820865063, 316.27793839513265, 113.48436548574739, 29.23302554630973, 73.07956012145898, 167.88316303633545, 76.04404201968373, 48.45091453494676, 23.87564375925767, 149.85479014759096, 275.08687026864584, 201.36943645286422, 2.2563250063589324, 17.05507007056714, 53.98952925126415]]"
63,"[[(2, 8), (5, 6), (11, 25), (15, 17), (23, 14), (7, 26), (3, 29), (4, 6), (4, 11), (14, 4), (24, 11), (18, 15), (21, 15), (26, 12), (19, 1), (22, 14), (16, 9), (16, 18), (16, 19)]]","[[25.615668184186205, 22.527700691859675, 0.17837628957242369, 20.417891082574986, 53.221658728648556, 503.68046439244836, 201.7098799495283, 28.4964254167431, 198.05220103208984, 134.1763605526142, 69.41799898669797, 28.72866252240391, 27.9675391560551, 131.5300923345904, 250.64105275487657, 92.16950773993563, 3.907395790675213, 4.006048608842598, 50.67402337060576]]"
64,"[[(2, 8), (5, 6), (11, 25), (15, 17), (23, 14), (7, 26), (3, 29), (4, 6), (4, 11), (14, 4), (24, 11), (18, 15), (21, 15), (26, 12), (19, 1), (22, 14), (16, 9), (16, 18), (16, 19)]]","[[31.42779019497316, 22.78711724634138, 1.1660916638629666, 38.84761000170029, 48.47302909488961, 479.9740704317571, 167.97563531517312, 17.789740184061664, 176.49392849111283, 220.20268856655528, 71.58381593615006, 35.88318211171465, 23.487668316575494, 143.15645822287968, 126.04255045573886, 132.97200204389725, 2.1600851482040397, 12.649314910751452, 49.0401027711442]]"
65,"[[(2, 8), (5, 6), (11, 25), (15, 17), (23, 14), (7, 26), (3, 29), (4, 6), (4, 11), (14, 4), (24, 11), (18, 15), (21, 15), (26, 12), (19, 1), (22, 14), (16, 9), (16, 18), (16, 19)]]","[[88.22453409867249, 18.333672769852033, 0.3817695263195222, 40.1139931157419, 46.18259520254385, 280.2241110500956, 67.05387537092514, 21.145572115635968, 89.92506976515082, 162.9577832140277, 73.44250761075291, 44.15398304503358, 26.796883147890302, 392.06826996461865, 196.83210153791896, 91.65529585071553, 2.727517429262941, 21.83231076095119, 47.41390237659395]]"
66,"[[(2, 8), (5, 6), (11, 25), (15, 17), (23, 14), (7, 26), (3, 29), (4, 6), (4, 11), (14, 4), (24, 11), (18, 15), (21, 15), (26, 12), (19, 1), (22, 14), (16, 9), (16, 18), (16, 19)]]","[[126.63346310750012, 27.706300424312257, 1.3586011105068256, 44.02981034428758, 57.324482827693096, 361.5983878649309, 104.26572042468464, 33.850796300067294, 69.7755403081683, 149.68084431649635, 70.69489425880681, 31.98977133021544, 29.61119240575439, 323.47554902664604, 258.0321171618972, 189.75388477842336, 0.2297322894239051, 19.015611314774603, 55.24642009490399]]"
67,"[[(2, 8), (5, 6), (11, 25), (15, 17), (23, 14), (7, 26), (3, 29), (4, 6), (4, 11), (14, 4), (24, 11), (18, 15), (21, 15), (26, 12), (19, 1), (22, 14), (16, 9), (16, 18), (16, 19)]]","[[44.04751843191903, 26.641781047454376, 1.408329799354119, 45.851145827774445, 57.33944569309682, 339.5978191568577, 203.24315372230484, 15.21163556352834, 195.22857811321788, 101.5721587559513, 76.13376154451139, 64.98066563651018, 23.521738288029766, 129.80006791594553, 291.2303333692165, 153.43007440980494, 1.6920696956752135, 6.0476516611766495, 51.56867437759513]]"
68,"[[(2, 8), (5, 6), (11, 25), (15, 17), (23, 14), (7, 26), (3, 29), (4, 6), (4, 11), (14, 4), (24, 11), (18, 15), (21, 15), (26, 12), (19, 1), (22, 14), (16, 9), (16, 18), (16, 19)]]","[[144.3267730971014, 7.949268031840866, 0.6321445616463046, 12.158023347145232, 47.1036500662769, 357.2575481757721, 125.61475689179616, 11.83770923751442, 126.85640660485609, 102.24822522789614, 73.94949752250524, 43.730706318653965, 26.138160733973322, 160.15598660851992, 135.8938093920295, 139.6963860487857, 0.5616488122718479, 4.442331901998786, 54.9365917952454]]"
69,"[[(2, 8), (5, 6), (11, 25), (15, 17), (23, 14), (7, 26), (3, 29), (4, 6), (4, 11), (14, 4), (24, 11), (18, 15), (21, 15), (26, 12), (19, 1), (22, 14), (16, 9), (16, 18), (16, 19)]]","[[81.15500523628018, 15.842355372835172, 1.0371416127562443, 39.1181587806696, 53.03236890711846, 429.9975437819241, 214.90971950449446, 20.138056594946363, 186.56548496867617, 129.3641662737505, 69.2525542440616, 68.39860622630101, 24.97618891905939, 333.77453891661924, 162.49000146175518, 138.10615282880474, 2.104688769111742, 14.218614414649352, 48.08564776989494]]"
70,"[[(2, 8), (5, 6), (11, 25), (15, 17), (23, 14), (7, 26), (3, 29), (4, 6), (4, 11), (14, 4), (24, 11), (18, 15), (21, 15), (26, 12), (19, 1), (22, 14), (16, 9), (16, 18), (16, 19)]]","[[95.47186134300622, 18.993797905741623, 1.710117923438171, 45.18329767148422, 56.90553070962626, 251.48053383240685, 238.10544272777375, 14.448371961854134, 106.73324904775835, 155.50467329821709, 73.57779295370614, 35.05020806102375, 23.228313733659917, 317.9231450290699, 310.7789243410904, 92.5706813119983, 1.5089681541614994, 11.102634454860343, 56.61452138850707]]"
71,"[[(2, 8), (5, 6), (11, 25), (15, 17), (23, 14), (7, 26), (3, 29), (4, 6), (4, 11), (14, 4), (24, 11), (18, 15), (21, 15), (26, 12), (19, 1), (22, 14), (16, 9), (16, 18), (16, 19)]]","[[49.28045513552076, 6.4644946984082985, 1.6445804800644312, 32.04238858488406, 50.37100228147263, 233.0586423513045, 138.89698174265047, 29.80605268664824, 91.79223994543811, 125.83766210289883, 72.79633372092435, 66.49680606198429, 28.330972792064387, 213.89666894069472, 235.38217821828454, 128.38877617477382, 2.6464467998921, 10.463128612969214, 55.92900658843108]]"
72,"[[(2, 8), (5, 6), (11, 25), (15, 17), (23, 14), (7, 26), (3, 29), (4, 6), (4, 11), (14, 4), (24, 11), (18, 15), (21, 15), (26, 12), (19, 1), (22, 14), (16, 9), (16, 18), (16, 19)]]","[[134.5997505109077, 13.858399447976781, 1.5337196242804232, 25.162510496738612, 48.110119146301976, 469.9585174948712, 149.56896017050502, 29.470162330396967, 159.4851213860258, 238.94439902080381, 74.05301896521149, 60.98739024025978, 26.00812826609333, 248.7156066583949, 243.8978743751512, 85.28113821094516, 1.4520619723290387, 9.242198316498879, 53.96380129781258]]"
73,"[[(2, 8), (5, 6), (11, 25), (15, 17), (23, 14), (7, 26), (3, 29), (4, 6), (4, 11), (14, 4), (24, 11), (18, 15), (21, 15), (26, 12), (19, 1), (22, 14), (16, 9), (16, 18), (16, 19)]]","[[88.83836841713992, 14.142604778591487, 1.8678227984083593, 47.77001087148648, 55.74581711160444, 246.64349451857328, 191.45224328860058, 21.21734723027854, 112.48320216501051, 65.27884468508111, 68.99320142360831, 45.62000333564086, 25.76850392617649, 315.7492369659416, 277.71106821066127, 163.48198804006893, 3.8710461450923153, 10.110224193191875, 54.01218792158531]]"
74,"[[(2, 8), (5, 6), (11, 25), (15, 17), (23, 14), (7, 26), (3, 29), (4, 6), (4, 11), (14, 4), (24, 11), (18, 15), (21, 15), (26, 12), (19, 1), (22, 14), (16, 9), (16, 18), (16, 19)]]","[[110.57919361171412, 16.319280516175453, 0.07770355810841711, 39.485773213622565, 58.13350230507251, 401.81872689331624, 52.78936019984934, 27.75448285547531, 71.09777369175951, 156.5988827716342, 69.49731621623853, 69.1433184886975, 24.53231487994008, 322.9008354957599, 207.6104427247629, 184.1901419355513, 3.013565031794531, 6.295515314915616, 51.04745567008858]]"
75,"[[(2, 8), (5, 6), (11, 25), (15, 17), (23, 14), (7, 26), (3, 29), (4, 6), (4, 11), (14, 4), (24, 11), (18, 15), (21, 15), (26, 12), (19, 1), (22, 14), (16, 9), (16, 18), (16, 19)]]","[[124.15700224036053, 12.364532734432316, 1.504869028689786, 30.10840468777287, 45.848387824294186, 362.6430007222575, 171.58614058452122, 31.81944126399518, 74.57594427504507, 155.39123275421514, 75.18379580938198, 59.14669629617594, 28.055613205516032, 379.5104860540566, 252.67676092982484, 211.06069649755398, 1.2205876142455363, 8.304686915289144, 56.15355889523431]]"
76,"[[(2, 8), (5, 6), (11, 25), (15, 17), (23, 14), (7, 26), (3, 29), (4, 6), (4, 11), (14, 4), (24, 11), (18, 15), (21, 15), (26, 12), (19, 1), (22, 14), (16, 9), (16, 18), (16, 19)]]","[[29.56558798221273, 9.84527244140868, 1.4251569522746312, 20.28911234821145, 52.47834961379914, 272.10962911202006, 40.77517425728828, 28.44320938569754, 107.7229815078997, 207.25971943810933, 76.57467462253825, 35.5532352885021, 29.939578906638737, 142.0561320948212, 152.17391591872027, 177.17535530308072, 2.0075377054337555, 14.887068902703955, 56.98214622798427]]"
77,"[[(2, 8), (5, 6), (11, 25), (15, 17), (23, 14), (7, 26), (3, 29), (4, 6), (4, 11), (14, 4), (24, 11), (18, 15), (21, 15), (26, 12), (19, 1), (22, 14), (16, 9), (16, 18), (16, 19)]]","[[83.47414528627324, 23.951431946110095, 0.12634813935662592, 30.47296778867304, 46.5555429972602, 496.68803855172405, 58.74915725559478, 33.399989045956396, 64.8889521715981, 110.24347189068868, 72.1496599683196, 47.158386430321485, 28.691530986496048, 361.6798050026714, 119.51097346077083, 204.7777881938892, 1.8717400939231652, 7.347345567574762, 50.322545027661576]]"
78,"[[(2, 8), (5, 6), (11, 25), (15, 17), (23, 14), (7, 26), (3, 29), (4, 6), (4, 11), (14, 4), (24, 11), (18, 15), (21, 15), (26, 12), (19, 1), (22, 14), (16, 9), (16, 18), (16, 19)]]","[[109.41719917698268, 27.655188593820498, 1.504553926911124, 30.413370076142726, 58.420879193333796, 368.51169937660234, 107.87200243977925, 26.127169545520434, 133.87094545975236, 74.74391357861057, 76.83643635354919, 64.13849346681403, 25.82293204965336, 374.11611396107855, 204.6591687106563, 161.80592943144168, 0.09167828745430118, 9.542937850433301, 51.97547225163711]]"
79,"[[(2, 8), (5, 6), (11, 25), (15, 17), (23, 14), (7, 26), (3, 29), (4, 6), (4, 11), (14, 4), (24, 11), (18, 15), (21, 15), (26, 12), (19, 1), (22, 14), (16, 9), (16, 18), (16, 19)]]","[[24.593332062137755, 19.488719459188495, 0.38958563154382175, 30.630916933062153, 52.202050880624185, 513.9786846716263, 229.41197712299405, 32.95326665515286, 135.31671904525044, 157.69072656518784, 69.60886292149303, 45.141492620244534, 28.188733550346086, 364.6543638801213, 152.36482360281428, 113.71142591004971, 0.6195991424002449, 17.09223293606837, 56.70515446651574]]"
80,"[[(2, 8), (5, 6), (11, 25), (15, 17), (23, 14), (7, 26), (3, 29), (4, 6), (4, 11), (14, 4), (24, 11), (18, 15), (21, 15), (26, 12), (19, 1), (22, 14), (16, 9), (16, 18), (16, 19)]]","[[123.58419003834732, 26.402409784778808, 1.9902965082458883, 14.153025990044917, 54.10169901912358, 281.77941420859185, 214.70997608529126, 10.71282764551397, 188.9755782279323, 54.271923251046495, 70.90984059310546, 23.816690440660917, 25.274888064281306, 296.3018595136489, 102.51341654498638, 124.87571818590487, 3.103796836474766, 20.945317086406476, 50.34953655003311]]"
81,"[[(2, 8), (5, 6), (11, 25), (15, 17), (23, 14), (7, 26), (3, 29), (4, 6), (4, 11), (14, 4), (24, 11), (18, 15), (21, 15), (26, 12), (19, 1), (22, 14), (16, 9), (16, 18), (16, 19)]]","[[137.59916885340508, 10.876616945729438, 0.26144019036193566, 47.24404570939879, 50.59658436435811, 412.59513142296106, 161.88198603457658, 23.91468381264605, 190.1511639958415, 232.4713161333212, 76.93145007199331, 33.33519826781021, 28.241499603465776, 163.24266221608883, 249.06714585033853, 200.8486352614334, 0.13542871084892427, 18.743944987029042, 48.31404220117356]]"
82,"[[(2, 8), (5, 6), (11, 25), (15, 17), (23, 14), (7, 26), (3, 29), (4, 6), (4, 11), (14, 4), (24, 11), (18, 15), (21, 15), (26, 12), (19, 1), (22, 14), (16, 9), (16, 18), (16, 19)]]","[[51.98765131755397, 19.58315963215572, 1.9888603642102656, 13.67337550986067, 55.2387653564295, 422.45749066204905, 177.77513632900798, 21.723128920255483, 150.38370362821993, 222.07339139586549, 72.64622164433396, 58.26306480816216, 29.25618189422748, 401.2554089238162, 315.2777537674873, 135.2947923201335, 3.5205726520086906, 10.760626806657218, 55.07171345793413]]"
83,"[[(2, 8), (5, 6), (11, 25), (15, 17), (23, 14), (7, 26), (3, 29), (4, 6), (4, 11), (14, 4), (24, 11), (18, 15), (21, 15), (26, 12), (19, 1), (22, 14), (16, 9), (16, 18), (16, 19)]]","[[28.750860044165123, 9.549417031826383, 0.27208693130254846, 16.812240183415852, 57.791149087116786, 471.3751864509447, 242.55790863917687, 13.353819035288764, 126.29083298491229, 189.2863368942971, 74.16186696291963, 32.031898610563715, 28.782719677104772, 266.17070765059816, 191.24980863331183, 90.65726484828474, 2.143064432195849, 15.795280911895539, 56.886298155221915]]"
84,"[[(2, 8), (5, 6), (11, 25), (15, 17), (23, 14), (7, 26), (3, 29), (4, 6), (4, 11), (14, 4), (24, 11), (18, 15), (21, 15), (26, 12), (19, 1), (22, 14), (16, 9), (16, 18), (16, 19)]]","[[45.37504147915517, 14.074154169071848, 0.7909291440971438, 39.98725286366829, 50.89489711570226, 291.1082470933973, 195.30009130133973, 32.26932668879863, 111.91449635054795, 64.5020188742041, 71.60593965629857, 68.47688269800639, 27.31802768746263, 299.74800402037715, 292.33569574341493, 200.9741079209515, 0.9733318056894364, 5.356997611407981, 47.21805836147456]]"
85,"[[(2, 8), (5, 6), (11, 25), (15, 17), (23, 14), (7, 26), (3, 29), (4, 6), (4, 11), (14, 4), (24, 11), (18, 15), (21, 15), (26, 12), (19, 1), (22, 14), (16, 9), (16, 18), (16, 19)]]","[[41.869118855119154, 28.56261038855281, 0.4166314757186853, 17.81844673219077, 57.6352580371759, 249.71788880760496, 75.97289233749869, 11.277894920047714, 72.11803941919526, 65.46883393173047, 68.68310766917872, 49.33410595732073, 30.093040044405985, 176.12833219743217, 193.58614106031027, 152.7854609264021, 0.09578444913612572, 19.69990886657746, 47.40208113251286]]"
86,"[[(2, 8), (5, 6), (11, 25), (15, 17), (23, 14), (7, 26), (3, 29), (4, 6), (4, 11), (14, 4), (24, 11), (18, 15), (21, 15), (26, 12), (19, 1), (22, 14), (16, 9), (16, 18), (16, 19)]]","[[94.72403021254976, 6.744539931215578, 0.4251054971833075, 16.562255360058103, 56.4323313402253, 233.38878442946998, 155.11704616680146, 10.303485678665105, 181.7801379072436, 175.88140205068578, 77.34961117679629, 34.67203804327782, 24.022525794178954, 146.5918766685587, 267.20213292007645, 202.25695253582614, 1.198797643094745, 7.2144724349411105, 48.89741274467935]]"
87,"[[(2, 8), (5, 6), (11, 25), (15, 17), (23, 14), (7, 26), (3, 29), (4, 6), (4, 11), (14, 4), (24, 11), (18, 15), (21, 15), (26, 12), (19, 1), (22, 14), (16, 9), (16, 18), (16, 19)]]","[[72.94873293529889, 26.29133016718943, 0.5401511412781255, 18.06787601717041, 46.61124845555937, 398.21875265475273, 175.69313780984712, 31.79761740086995, 169.19787990993703, 52.14912519479967, 71.29627883445181, 26.618978126085576, 26.273329012024444, 223.43150040547624, 285.4910718622202, 88.84090459845316, 3.3735353280320575, 6.0448344859347465, 53.827551113300586]]"
88,"[[(2, 8), (5, 6), (11, 25), (15, 17), (23, 14), (7, 26), (3, 29), (4, 6), (4, 11), (14, 4), (24, 11), (18, 15), (21, 15), (26, 12), (19, 1), (22, 14), (16, 9), (16, 18), (16, 19)]]","[[84.90668494004397, 11.421349096186997, 0.18483852360934128, 48.84631481482675, 50.10059834937381, 261.93367660976816, 96.59671744024085, 12.561389178689485, 73.22857939456372, 90.31809572376532, 71.65167653610976, 67.01560198563661, 23.45853968849387, 256.00991600184784, 300.072120213474, 163.90927517811764, 3.070020804075987, 20.75230014534454, 51.84234819522247]]"
89,"[[(2, 8), (5, 6), (11, 25), (15, 17), (23, 14), (7, 26), (3, 29), (4, 6), (4, 11), (14, 4), (24, 11), (18, 15), (21, 15), (26, 12), (19, 1), (22, 14), (16, 9), (16, 18), (16, 19)]]","[[78.0805544580524, 17.836458307660074, 1.1477364863728095, 17.000019709237783, 50.48740849091079, 490.3015049688322, 157.27836604290866, 26.96854533669366, 149.40392910983957, 182.97561491655864, 71.07898694378997, 23.175643553100347, 23.00837327405396, 192.99560378562893, 226.3760861631797, 162.3377018948687, 0.8121093065319753, 9.634461555052013, 53.97915160712563]]"
90,"[[(2, 8), (5, 6), (11, 25), (15, 17), (23, 14), (7, 26), (3, 29), (4, 6), (4, 11), (14, 4), (24, 11), (18, 15), (21, 15), (26, 12), (19, 1), (22, 14), (16, 9), (16, 18), (16, 19)]]","[[73.78553982864494, 9.225901175190181, 1.0442033333696836, 11.076447720116747, 46.14804303303275, 496.24754140934886, 224.3158854204983, 19.887038094054752, 172.18191075672456, 87.69963945768228, 71.4799640513821, 56.20414349172896, 26.86422015371991, 180.6569781847405, 256.9102919955885, 152.76336973225796, 0.6964046300690803, 21.833993916101043, 55.8269909174308]]"
91,"[[(2, 8), (5, 6), (11, 25), (15, 17), (23, 14), (7, 26), (3, 29), (4, 6), (4, 11), (14, 4), (24, 11), (18, 15), (21, 15), (26, 12), (19, 1), (22, 14), (16, 9), (16, 18), (16, 19)]]","[[122.2616337171003, 23.822270429944542, 1.6971528356428884, 32.285359733065604, 53.73548451352513, 414.584261641543, 144.41127478813289, 18.379307584432894, 95.91432637598898, 109.98279271871746, 71.28643935619935, 42.33372901844983, 25.561844273030534, 361.81834855860325, 291.54215813989686, 204.2212001615609, 3.0396173062830067, 4.263757542403495, 50.71108507419474]]"
92,"[[(2, 8), (5, 6), (11, 25), (15, 17), (23, 14), (7, 26), (3, 29), (4, 6), (4, 11), (14, 4), (24, 11), (18, 15), (21, 15), (26, 12), (19, 1), (22, 14), (16, 9), (16, 18), (16, 19)]]","[[102.74915629807217, 19.122084571092806, 0.7893006846065023, 17.937751860226008, 46.88551793305899, 464.03601096675004, 191.74823836265514, 13.542785114284818, 152.7262480036331, 79.49667760921517, 75.2870329595245, 64.35410599567288, 28.608209665559606, 231.25483321907254, 232.7990730779256, 110.92988286742893, 2.442917691511067, 13.034515540914022, 48.93117296050095]]"
93,"[[(2, 8), (5, 6), (11, 25), (15, 17), (23, 14), (7, 26), (3, 29), (4, 6), (4, 11), (14, 4), (24, 11), (18, 15), (21, 15), (26, 12), (19, 1), (22, 14), (16, 9), (16, 18), (16, 19)]]","[[138.71508326194447, 26.322811354658295, 1.7198233369326155, 42.954108362300914, 57.21435508343177, 527.7923228152263, 220.1090294633581, 32.50194386856159, 144.92720555091574, 196.53363328344426, 77.48280190267167, 43.41349590018119, 25.111766705583346, 170.08453970543684, 139.16726780820102, 115.71635522316811, 2.920523743342754, 17.95731366515905, 55.428212833473445]]"
94,"[[(2, 8), (5, 6), (11, 25), (15, 17), (23, 14), (7, 26), (3, 29), (4, 6), (4, 11), (14, 4), (24, 11), (18, 15), (21, 15), (26, 12), (19, 1), (22, 14), (16, 9), (16, 18), (16, 19)]]","[[33.33130766890516, 18.894293448526362, 0.46837610078354786, 19.050000104160603, 51.64616254460213, 525.1915866372976, 66.27041542032913, 13.893140296733652, 78.87762704792003, 191.68482743709623, 76.12195398825713, 52.491276033350225, 24.964340576988167, 330.55821145231187, 307.6451160517456, 119.21521904259856, 2.004908587103746, 15.211702707239203, 54.80867723913843]]"
95,"[[(2, 8), (5, 6), (11, 25), (15, 17), (23, 14), (7, 26), (3, 29), (4, 6), (4, 11), (14, 4), (24, 11), (18, 15), (21, 15), (26, 12), (19, 1), (22, 14), (16, 9), (16, 18), (16, 19)]]","[[138.97328078550345, 23.5262696079671, 1.1070818683166401, 23.175367121598374, 49.24421175288673, 350.89096404903654, 120.4910523775579, 10.718611929463144, 177.3645888453998, 139.32973155857104, 77.52504906311073, 26.903245744880845, 30.933139058577083, 273.72521563533695, 309.2684466085623, 110.4724428647351, 3.2188655813706597, 10.597082918313037, 53.44823475441295]]"
96,"[[(2, 8), (5, 6), (11, 25), (15, 17), (23, 14), (7, 26), (3, 29), (4, 6), (4, 11), (14, 4), (24, 11), (18, 15), (21, 15), (26, 12), (19, 1), (22, 14), (16, 9), (16, 18), (16, 19)]]","[[53.34142801499785, 8.93891481454617, 0.4497798409627649, 13.395940166422799, 57.03524142471821, 522.3264801728658, 161.82199602008274, 20.49894106139684, 131.4291270379026, 139.55470401055942, 77.80882957387593, 47.346573645148254, 27.316045430339795, 241.20092472164345, 287.7334464224125, 84.06114067109624, 1.9457620734418533, 13.442789401114394, 53.96018252692295]]"
97,"[[(2, 8), (5, 6), (11, 25), (15, 17), (23, 14), (7, 26), (3, 29), (4, 6), (4, 11), (14, 4), (24, 11), (18, 15), (21, 15), (26, 12), (19, 1), (22, 14), (16, 9), (16, 18), (16, 19)]]","[[75.08634235492536, 11.043271067563369, 0.7404752509149422, 31.254972481843684, 52.83457703371354, 235.18623605613382, 150.8921718647446, 31.629415871577198, 115.4438876542794, 233.01530238134006, 72.00762417099932, 29.950099923944475, 26.497218387687845, 134.96180560162728, 135.8345081845992, 210.10895548040372, 3.0677062179550965, 18.91888003633869, 51.75559819175913]]"
98,"[[(2, 8), (5, 6), (11, 25), (15, 17), (23, 14), (7, 26), (3, 29), (4, 6), (4, 11), (14, 4), (24, 11), (18, 15), (21, 15), (26, 12), (19, 1), (22, 14), (16, 9), (16, 18), (16, 19)]]","[[65.09017191745392, 15.217611316030784, 0.4617568043824192, 39.7524855329041, 48.30984375416451, 452.0180044174492, 135.53865507350466, 32.82731932874427, 164.49429530177594, 200.47165920815704, 68.26384123896295, 35.00374301030796, 24.90813601942772, 213.2244567586413, 304.8576477259453, 134.72859094336005, 1.4886925157302224, 12.321279844631107, 55.22804876545435]]"
99,"[[(2, 8), (5, 6), (11, 25), (15, 17), (23, 14), (7, 26), (3, 29), (4, 6), (4, 11), (14, 4), (24, 11), (18, 15), (21, 15), (26, 12), (19, 1), (22, 14), (16, 9), (16, 18), (16, 19)]]","[[48.700655778326066, 13.18509023056123, 1.3722387374987928, 28.450419114082955, 57.326995739867144, 359.1781702073478, 141.3011650486152, 19.659923083502168, 75.82567306829806, 58.90593822370764, 71.80739278352996, 23.0577342540863, 25.984904116715168, 224.01405263611366, 144.22425426017944, 117.76899508620916, 3.4116712589602085, 14.017295026468885, 48.51089325940922]]"
