Status,iiter,total_time,b,ObjVal,LB,x_sol,Kbar,K,Ins,elapsedT,OptGap
I,1,0.3925201892852783,10,251.0,0.0,[  0   1   2   3   4   5   6   8  96 154],1,1,2,0.42502498626708984,100.0
I,2,0.8175451755523682,10,238.0,0.0,[  0   1   2   3   4   8  12  96 154 212],1,1,2,0.42172861099243164,100.0
I,3,1.2392737865447998,10,238.0,0.0,[  0   1   2   5   8  12  96 154 212 287],1,1,2,0.42696118354797363,100.0
I,4,1.6662349700927734,10,238.0,0.0,[  0   5   8  12  96 146 154 212 355 359],1,1,2,0.5900192260742188,100.0
I,5,2.256254196166992,10,238.0,158.5,[  0   5   8  12  96 146 154 212 355 359],2,2,2,0.6902437210083008,33.403361344537814
I,6,2.946497917175293,10,235.75,180.625,[  0   5   8  12  96 146 154 212 287 356],4,4,2,1.0359611511230469,23.382820784729585
I,7,3.98245906829834,10,232.125,206.09375,[  0   5   8  12  96 118 146 154 212 287],6,7,2,1.4336059093475342,11.214324178782983
I,8,5.416064977645874,10,230.5,217.734375,[  0   1   5   8  12  96 146 154 212 287],10,12,2,0.46153903007507324,5.538232104121475
I,9,5.877604007720947,10,230.21875,217.734375,[  0   1   5   8  12  96 146 154 212 287],12,12,2,1.453226089477539,5.422831546083887
I,10,7.330830097198486,10,228.0078125,222.03125,[  0   1   5   8  12  96 146 154 212 287],14,19,2,1.9166479110717773,2.6212095254411514
I,11,9.247478008270264,10,227.384765625,224.169921875,[  0   5   8  12  96 118 146 154 212 287],20,29,2,3.235016107559204,1.4138342738852956
I,1,0.4270651340484619,10,335.0,0.0,[  0   1   2   3   4   9  39  58 131 143],1,1,6,0.46978187561035156,100.0
I,2,0.8968470096588135,10,243.0,0.0,[  0   5   9  39  58 131 143 223 281 309],1,1,6,0.47627711296081543,100.0
I,3,1.373124122619629,10,221.0,0.0,[  2   5   9 114 143 223 281 341 342 345],1,1,6,0.47843098640441917,100.0
I,4,1.851555109024048,10,221.0,0.0,[  2   5   9  40  58 114 143 223 281 309],1,1,6,0.40987586975097634,100.0
I,5,2.2614309787750244,10,221.0,0.0,[  2   5   9  40 114 143 223 281 309 317],1,1,6,0.5645792484283447,100.0
I,6,2.826010227203369,10,221.0,181.5,[  2   5   9  40 114 143 223 281 309 317],2,2,6,0.7150378227233887,17.873303167420815
I,7,3.541048049926758,10,221.0,194.125,[  0   2   9  81 103 114 143 223 281 309],4,4,6,1.0406899452209473,12.160633484162895
I,8,4.581737995147705,10,216.375,207.5,[  0   2   8   9  40 114 143 223 281 309],6,7,6,0.44664502143859863,4.1016753321779325
I,1,0.3902950286865234,10,145.0,0.0,[  0   1   2   3   4   5   6   7  21 156],1,1,7,0.4157500267028809,100.0
I,2,0.8060450553894043,10,145.0,0.0,[  0   1   2  10  21  66  92 156 330 374],1,1,7,0.5662140846252441,100.0
I,3,1.3722591400146484,10,145.0,139.5,[  0   1   2  10  21  66  92 156 330 374],2,2,7,0.6186778545379639,3.793103448275862
I,4,1.9909369945526123,10,145.0,141.125,[  0   1   2  10  21  66  92 156 330 374],4,4,7,0.8379490375518799,2.6724137931034484
I,5,2.828886032104492,10,145.0,142.5,[  0  21 156 174 373 374 375 376 378 380],6,7,7,0.2989919185638428,1.7241379310344827
I,1,0.4771568775177002,10,323.0,0.0,[  0   1   2   3   4   5  42 265 278 345],1,1,10,0.4796347618103026,100.0
I,2,0.9567916393280028,10,323.0,0.0,[  0   1   2  23  38  42 216 265 278 345],1,1,10,0.46779799461364757,100.0
I,3,1.4245896339416504,10,323.0,0.0,[  0   4  23  42 206 216 217 265 278 345],1,1,10,0.4485640525817871,100.0
I,4,1.8731536865234375,10,323.0,0.0,[  0   4  23  42 216 265 278 335 345 356],1,1,10,0.49681925773620605,100.0
I,5,2.3699729442596436,10,323.0,0.0,[  0   4  23  38  42 263 265 278 335 345],1,1,10,0.45208191871643066,100.0
I,6,2.822054862976074,10,323.0,0.0,[  0   4  23  38  42 265 278 317 330 345],1,1,10,0.6345529556274414,100.0
I,7,3.4566078186035156,10,323.0,305.0,[  0   4  23  38  42 265 278 317 330 345],2,2,10,0.7315819263458252,5.572755417956656
I,8,4.188189744949341,10,323.0,309.5,[  0   4  23  38  42 265 278 317 330 345],4,4,10,1.0800070762634277,4.179566563467492
I,9,5.2681968212127686,10,323.0,313.5,[  0   4  23  38  42 265 278 317 330 345],8,8,10,1.596625804901123,2.941176470588235
I,10,6.864822626113892,10,323.0,316.625,[  0   4  23  38  42 263 265 278 317 345],14,15,10,3.680782079696657,1.9736842105263157
I,11,10.545604705810549,10,323.0,310.78125,[  0  23  38  42 217 263 265 278 317 345],30,30,10,7.530481100082396,3.7828947368421053
I,12,18.076085805892944,10,323.0,311.6484375,[  0   4  38  42 147 216 265 278 330 345],60,60,10,6.69240403175354,3.514415634674923
I,1,0.3857350349426269,10,252.0,0.0,[  0   1   2   3   4 104 129 138 315 339],1,1,15,0.41438317298889166,100.0
I,2,0.8001182079315186,10,216.0,0.0,[  0   1   2 104 129 138 174 212 315 339],1,1,15,0.5745978355407715,100.0
I,3,1.37471604347229,10,216.0,190.5,[  0   1   2 104 129 138 174 212 315 339],2,2,15,0.6760590076446533,11.805555555555555
I,4,2.0507750511169434,10,214.75,200.375,[  0   1 104 129 138 172 174 212 315 339],4,4,15,0.9530639648437504,6.69383003492433
I,5,3.003839015960694,10,214.75,204.9375,[  0   1 104 129 138 172 174 212 315 339],6,7,15,0.9270131587982173,4.569266589057043
I,6,3.930852174758911,10,213.875,208.28125,[  0   1 104 129 138 172 174 212 315 339],8,11,15,1.2387337684631348,2.615429573348919
I,7,5.169585943222046,10,213.4375,210.296875,[  0   1 104 129 138 172 174 212 315 339],12,17,15,1.0807533264160156,1.471449487554905
I,1,0.4640700817108154,10,153.0,0.0,[  0   1   2   3   4   5   6   7  29 246],1,1,16,0.5997238159179688,100.0
I,2,1.0637938976287842,10,153.0,138.75,[  0   1   2   3   4   5   6   7  29 246],2,2,16,0.6769881248474121,9.313725490196079
I,3,1.7407820224761963,10,153.0,141.75,[  0   1   2   3   4   5   6   7  29 246],4,4,16,0.8675200939178467,7.352941176470589
I,4,2.608302116394043,10,153.0,144.5,[  0   1   2   3   4   5   6   7  29 246],8,8,16,1.225679874420166,5.555555555555555
I,5,3.833981990814209,10,153.0,146.71875,[  0   1   2   3   6  29 246 293 343 390],14,15,16,0.4808650016784668,4.105392156862745
I,6,4.314846992492676,10,153.0,146.71875,[  0  29 246 293 311 384 386 387 388 389],15,15,16,0.7925670146942139,4.105392156862745
I,1,0.3926358222961426,10,88.0,0.0,[0 1 2 3 4 5 6 7 8 9],1,1,21,0.5637030601501466,100.0
I,2,0.9563388824462892,10,88.0,85.0,[0 1 2 3 4 5 6 7 8 9],2,2,21,0.5002732276916505,3.4090909090909087
I,3,1.4566121101379397,10,88.0,86.5,[0 1 2 3 4 5 6 7 8 9],2,3,21,0.1082189083099363,1.7045454545454544
I,1,0.3961219787597656,10,387.0,0.0,[  0   1   2   3  21  42 144 173 276 370],1,1,18,0.4321291446685791,100.0
I,2,0.8282511234283447,10,312.0,0.0,[  0  21  42  48 144 173 269 276 319 370],1,1,18,0.4227259159088135,100.0
I,3,1.2509770393371582,10,312.0,0.0,[  0   1  21  48 144 163 173 269 319 368],1,1,18,0.4205129146575928,100.0
I,4,1.671489953994751,10,312.0,0.0,[  0   1  14  21  48  76 144 269 276 319],1,1,18,0.42049407958984375,100.0
I,5,2.0919840335845947,10,312.0,0.0,[  0   1  21  48  76 144 178 269 276 319],1,1,18,0.42108988761901855,100.0
I,6,2.5130739212036133,10,310.0,0.0,[  0   1  76 144 178 268 269 276 319 370],1,1,18,0.428361177444458,100.0
I,7,2.9414350986480713,10,310.0,0.0,[  0   1  60 144 173 178 268 269 319 370],1,1,18,0.4233658313751225,100.0
I,8,3.364800930023194,10,310.0,0.0,[  0   1  21  60 178 269 276 309 319 370],1,1,18,0.42597603797912553,100.0
I,9,3.7907769680023193,10,310.0,0.0,[  0   1  21  76 144 178 269 276 309 319],1,1,18,0.4225480556488037,100.0
I,10,4.213325023651123,10,310.0,0.0,[  0   1  21  60 144 178 269 276 309 319],1,1,18,0.4304378032684326,100.0
I,11,4.643762826919556,10,307.0,0.0,[  0   1  60 144 173 178 269 309 319 370],1,1,18,0.4360833168029785,100.0
I,12,5.079846143722534,10,306.0,0.0,[  0  21  76 163 173 185 268 276 319 370],1,1,18,0.42574691772461026,100.0
I,13,5.505593061447144,10,306.0,0.0,[  0   1  14  21 144 173 185 268 276 319],1,1,18,0.7257838249206534,100.0
I,14,6.231376886367798,10,300.25,0.0,[  0   1   3  21  42 173 178 268 276 319],2,2,18,0.9096989631652832,100.0
I,15,7.141075849533081,10,281.4375,0.0,[  0   1   3  21 144 173 230 250 276 319],4,4,18,0.4760251045227051,100.0
I,16,7.617100954055786,10,280.4375,0.0,[  0   1   3  21 173 185 230 250 276 319],4,4,18,1.467599868774414,100.0
I,17,9.0847008228302,10,279.1875,0.0,[  0   1   3  21 173 178 230 250 276 319],8,8,18,2.580390214920044,100.0
I,18,11.665091037750244,10,277.1875,0.0,[  0   1   3  21  60 144 178 268 276 319],16,16,18,3.644152879714966,100.0
I,19,15.30924391746521,10,277.0,71.91796875,[  0   1   3  21  60 144 178 268 276 319],22,27,18,5.500368118286133,74.0368343862816
I,20,20.809612035751343,10,276.953125,117.818359375,[  0   1   3  21  60 144 178 268 276 319],34,44,18,7.913736820220947,57.45909732016925
I,21,28.72334885597229,10,276.905029296875,163.88427734375,[  0   1   3  21  60 144 178 268 276 319],48,68,18,10.230467081069953,40.8157093571433
I,22,38.95381593704224,10,276.905029296875,208.123779296875,[  0   1   3  21  60 144 178 268 276 319],58,97,18,14.333892822265618,24.839292437068146
I,23,53.28770875930786,10,276.8673400878906,229.300537109375,[  0   1   3  21  60 144 178 268 276 319],80,137,18,19.118067264556885,17.180358999156674
I,24,72.40577602386475,10,276.8390655517578,246.13150024414065,[  0   1   3  21  60 144 178 268 276 319],102,188,18,22.97706604003905,11.09220811969403
I,25,95.3828420639038,10,276.83015060424805,258.3437194824219,[  0   1   3  21  60 144 178 268 276 319],120,248,18,28.978333950042725,6.6778965663512855
I,26,124.36117601394652,10,276.82496452331543,265.4965019226074,[  0   1   3  21  60 144 178 276 309 319],142,319,18,31.472478866577163,4.0922835916245095
I,27,155.83365488052368,10,276.82152557373047,270.7602062225342,[  0   1   3  21  60 144 178 276 309 319],140,389,18,33.816025257110596,2.18961272561222
I,28,189.64968013763428,10,276.8206605911255,273.35182189941406,[  0   1   3  21  60 144 178 276 309 319],138,458,18,34.387699842453,1.2530996365314766
I,1,0.3918371200561523,10,373.0,0.0,[  0   1   2  21  33  39  74  94 183 259],1,1,26,0.42207193374633795,100.0
I,2,0.8139090538024902,10,328.0,0.0,[  1  21  23  33  74  94 108 170 183 300],1,1,26,0.42209911346435547,100.0
I,3,1.2360081672668457,10,318.0,0.0,[  0   9  21  23  33  74 108 170 183 300],1,1,26,0.4203147888183594,100.0
I,4,1.656322956085205,10,307.0,0.0,[  0   1  21  23  33  74 108 172 259 300],1,1,26,0.42829108238220215,100.0
I,5,2.0846140384674072,10,298.0,0.0,[  1  21  23  74 170 172 259 267 271 300],1,1,26,0.42524027824401855,100.0
I,6,2.509854316711426,10,298.0,0.0,[  0   1  23  33  74 170 172 259 271 300],1,1,26,0.4208798408508301,100.0
I,7,2.930734157562256,10,296.0,0.0,[ 23  33  74 170 172 183 259 267 271 300],1,1,26,0.4270460605621338,100.0
I,8,3.3577802181243896,10,296.0,0.0,[  0  21  23  33 170 172 183 259 271 300],1,1,26,0.4214489459991455,100.0
I,9,3.779229164123535,10,296.0,0.0,[  0  23  33  74 106 170 172 183 259 300],1,1,26,0.6604208946228027,100.0
I,10,4.439650058746338,10,296.0,231.0,[  0  23  33  74 106 170 172 183 259 300],2,2,26,0.8701670169830322,21.95945945945946
I,11,5.30981707572937,10,290.8125,244.25,[  0  23  33  74 170 172 183 259 271 300],4,4,26,1.5043268203735352,16.01117558564367
I,12,6.814143896102905,10,289.3125,257.25,[  0  21  23  74 106 170 172 183 259 300],8,8,26,2.6319172382354754,11.082307193778353
I,13,9.44606113433838,10,286.6328125,257.9453125,[  9  23  33  74 170 172 183 259 271 300],16,16,26,4.764761924743651,10.008449399002425
I,14,14.210823059082031,10,284.712890625,265.3125,[  0  21  23  74 170 172 183 259 271 300],32,32,26,8.974385023117065,6.814019057027021
I,15,23.185208082199097,10,282.1904296875,271.4765625,[  1  23  33 170 172 183 210 259 271 300],60,62,26,1.2258999347686768,3.796679851745725
I,16,24.411108016967773,10,281.052734375,271.4765625,[  0  23  33  74 170 172 183 259 271 300],62,62,26,16.288202047348015,3.4072509190473874
I,17,40.69931006431579,10,280.165283203125,274.47900390625,[ 23  33  74 170 172 183 210 259 271 300],108,116,26,1.1539499759674143,2.0296159580744138
I,18,41.8532600402832,10,280.033447265625,274.47900390625,[ 23  33  74 170 172 183 210 259 271 300],116,116,26,13.682171106338501,1.9834928340207687
I,19,55.535431146621704,10,279.68505859375,276.9205322265625,[  0  21  23  74 170 172 183 259 271 300],102,167,26,35.56531000137329,0.9884426365453608
I,1,0.3897590637207031,10,245.0,0.0,[  0   1   2   3   8  85 241 265 271 335],1,1,46,0.4092578887939453,100.0
I,2,0.7990169525146484,10,174.0,0.0,[  0   8  79  81  85 229 241 265 271 335],1,1,46,0.4137580394744871,100.0
I,3,1.2127749919891355,10,174.0,0.0,[  8  79  81  85 229 241 271 288 335 362],1,1,46,0.598287105560303,100.0
I,4,1.8110620975494385,10,174.0,141.0,[  8  79  81  85 229 233 241 265 288 335],2,2,46,0.7466681003570557,18.96551724137931
I,5,2.557730197906494,10,174.0,155.125,[  8  79  81  85 229 233 288 335 364 365],4,4,46,1.1560657024383545,10.847701149425287
I,6,3.7137959003448486,10,173.875,159.75,[  8  79  81  85 219 229 288 289 335 340],8,8,46,0.4642181396484375,8.123652048885694
I,7,4.178014039993286,10,173.875,159.75,[  8  79  81  85 229 233 288 335 340 360],8,8,46,1.7889468669891357,8.123652048885694
I,8,5.966960906982422,10,173.265625,164.75,[  8  79  81  85 229 233 288 335 340 360],14,15,46,2.2466659545898438,4.914780413021914
I,9,8.213626861572266,10,172.99609375,166.640625,[  8  79  81  85 219 229 233 288 335 339],24,27,46,0.6356091499328613,3.673764310068418
I,10,8.849236011505127,10,172.74609375,166.640625,[  8  79  81  85 233 288 335 339 340 360],27,27,46,4.672006845474243,3.534359948443118
I,11,13.52124285697937,10,171.9091796875,168.875,[  8  79  81  85 229 288 289 335 340 360],38,46,46,0.915499210357666,1.7649899167779135
I,12,14.436742067337036,10,171.8876953125,168.875,[  8  79  81  85 229 233 288 335 340 360],46,46,46,8.58589506149292,1.7527114474499044
I,13,23.022637128829956,10,171.7236328125,168.2470703125,[  8  79  81  85 233 288 335 339 340 360],74,83,46,15.117820978164673,2.0245102220705737
I,14,38.14045810699463,10,171.5107421875,169.771484375,[  8  79  81  85 233 288 335 339 340 360],132,149,46,20.057934999465942,1.0140809784372562
I,1,0.3989078998565674,10,271.0,0.0,[  0   1   2   3   4   5   8 302 309 370],1,1,73,0.4136779308319092,100.0
I,2,0.8125858306884766,10,271.0,0.0,[  0   5   8 273 285 302 307 309 327 370],1,1,73,0.4121391773223879,100.0
I,3,1.2247250080108645,10,226.0,0.0,[  2   8 229 273 285 302 307 309 327 403],1,1,73,0.5926938056945799,100.0
I,4,1.8174188137054443,10,226.0,163.5,[  2   8 229 273 285 302 307 309 327 403],2,2,73,0.6962699890136719,27.654867256637168
I,5,2.513688802719116,10,226.0,171.375,[  2   8   9  35 229 273 285 302 309 327],4,4,73,0.4289240837097168,24.170353982300885
I,6,2.942612886428833,10,225.0,171.375,[  2   8   9 181 227 229 285 302 307 309],4,4,73,0.46367478370666504,23.833333333333336
I,7,3.406287670135498,10,221.25,171.375,[  2   8   9 181 229 273 285 302 309 327],4,4,73,0.440216064453125,22.54237288135593
I,8,3.846503734588623,10,220.75,171.375,[  2   8 181 227 229 273 285 302 309 327],4,4,73,1.2545349597930908,22.366930917327295
I,9,5.101038694381714,10,216.96875,182.46875,[  2   8   9 229 270 273 285 302 309 327],8,8,73,0.43631625175476074,15.900907388736856
I,10,5.537354946136475,10,216.59375,182.46875,[  2   5   8   9 229 273 285 302 309 327],8,8,73,0.4469718933105469,15.7553022651854
I,11,5.9843268394470215,10,216.34375,182.46875,[  2   8   9 181 229 273 285 302 309 327],8,8,73,1.9867429733276367,15.6579517550195
I,12,7.971069812774658,10,215.03125,191.671875,[  2   8   9 229 270 273 285 302 309 327],14,15,73,3.386759042739868,10.86324662113065
I,13,11.357828855514526,10,213.3515625,200.8359375,[  2   8   9 229 270 273 285 302 309 327],26,28,73,4.648688077926636,5.866197956717565
I,14,16.006516933441162,10,212.677734375,204.265625,[  2   8   9 229 270 273 285 302 309 327],46,51,73,7.252515792846676,3.955331478267258
I,15,23.25903272628784,10,212.189453125,206.6455078125,[  2   8   9 229 270 273 285 302 309 327],74,88,73,10.649267911911014,2.6127336824955587
I,16,33.90830063819885,10,211.846923828125,208.2109375,[  2   8   9 229 270 273 285 302 309 327],108,142,73,15.022956132888794,1.7163271773891497
I,17,48.93125677108765,10,211.5994873046875,209.2166748046875,[  2   8   9 229 270 273 285 302 309 327],152,218,73,19.14821195602417,1.126095592362626
I,1,0.3846893310546875,10,250.0,0.0,[  0   1   2   3   4   7  72  89 254 397],1,1,93,0.42229390144348145,100.0
I,2,0.806983232498169,10,189.0,0.0,[  0   1   2   3   7  72  89 254 264 397],1,1,93,0.41034603118896484,100.0
I,3,1.2173292636871338,10,189.0,0.0,[  0   7  72  89 180 254 260 264 397 413],1,1,93,0.4104588031768799,100.0
I,4,1.6277880668640137,10,189.0,0.0,[  5   7  72 180 264 397 417 418 420 421],1,1,93,0.4118201732635498,100.0
I,5,2.0396082401275635,10,189.0,0.0,[  5   7  72 180 254 264 397 413 419 420],1,1,93,0.40981388092041016,100.0
I,6,2.4494221210479736,10,189.0,0.0,[  7  72 180 205 254 264 397 413 419 420],1,1,93,0.5439932346343994,100.0
I,7,2.993415355682373,10,189.0,0.0,[  7  72 180 205 254 264 397 413 419 420],2,2,93,0.700642585754395,100.0
I,8,3.694057941436768,10,189.0,0.0,[  7  72 180 205 254 264 397 413 419 420],4,4,93,0.994322299957275,100.0
I,9,4.688380241394043,10,189.0,0.0,[  7  72 180 205 254 264 397 413 419 420],8,8,93,1.4998798370361328,100.0
I,10,6.188260078430176,10,189.0,23.5,[  7  72 180 205 254 264 397 413 419 420],14,15,93,2.404026985168457,87.56613756613757
I,11,8.592287063598633,10,189.0,47.0,[  7  72  89 180 205 264 327 397 425 426],24,27,93,3.580873012542723,75.13227513227513
I,12,12.173160076141356,10,189.0,82.28125,[  0   7  33  72 130 264 397 405 413 423],36,45,93,0.5782618522644061,56.464947089947096
I,13,12.751421928405762,10,189.0,82.28125,[  7  72 180 205 264 327 397 405 422 423],45,45,93,5.564025163650509,56.464947089947096
I,14,18.31544709205627,10,189.0,108.75,[  7  72  89 180 205 248 264 397 405 421],54,72,93,10.833201885223392,42.46031746031746
I,15,29.148648977279663,10,189.0,19.1953125,[  0   7  72 187 248 264 397 413 419 425],128,136,93,12.687258243560791,89.84375
I,16,41.835907220840454,10,189.0,150.439453125,[  0   7  72 205 248 264 397 413 422 425],104,188,93,18.595447063446045,20.402405753968253
I,17,60.4313542842865,10,188.982177734375,158.7158203125,[  7  72 130 205 248 261 264 397 413 426],164,270,93,29.985210895538344,16.015455946547537
I,18,90.41656517982484,10,189.0,150.6002197265625,[  7  72  89 130 180 205 248 264 397 405],296,418,93,1.2044138908385946,20.317344060019842
I,19,91.62097907066344,10,188.986083984375,150.6002197265625,[  7  72  89 180 205 248 261 264 397 405],418,418,93,1.442487955093398,20.311476616969408
I,20,93.06346702575684,10,189.0,150.6002197265625,[  7  72  89 180 205 248 264 292 397 405],418,418,93,1.2336211204528809,20.317344060019842
I,21,94.29708814620972,10,189.0,150.6002197265625,[  7  72 130 180 187 248 257 264 397 405],418,418,93,46.06906199455261,20.317344060019842
I,22,140.36615014076233,10,189.0,105.281005859375,[  7  72 130 180 187 248 257 264 397 405],450,643,93,59.087072134017944,44.295764095568785
I,23,199.45322227478027,10,189.0,146.05526733398438,[  7  72  89 180 205 248 264 337 397 426],492,889,93,92.72143578529358,22.722080775669642
I,24,292.17465806007385,10,189.0,154.33526229858398,[  7  72  89 180 187 205 248 264 397 405],858,1318,93,126.12620210647583,18.34113105895027
I,25,418.3008601665497,10,189.0,173.73455810546875,[  7  72  89 180 205 248 264 337 397 405],1058,1847,93,149.92421317100525,8.076953383349867
I,26,568.2250733375549,10,189.0,181.59737873077393,[  7  72 120 180 205 248 264 327 397 405],1026,2360,93,130.44549298286438,3.9167308302783463
I,1,0.3993909358978271,10,220.0,0.0,[  0   1   2  13  61  98 151 168 181 211],1,1,98,0.41938996315002447,100.0
I,2,0.8187808990478516,10,206.0,0.0,[  0   1  26  41  61  98 151 181 193 211],1,1,98,0.4466891288757324,100.0
I,3,1.265470027923584,10,198.0,0.0,[  0  26  41  61  98 163 181 182 193 211],1,1,98,0.4311680793762209,100.0
I,4,1.696638107299805,10,190.0,0.0,[  0  26  41  61  98 163 181 182 193 234],1,1,98,0.4312040805816648,100.0
I,5,2.1278421878814697,10,182.0,0.0,[  0  41  69  98 153 163 181 182 193 211],1,1,98,0.4214608669281006,100.0
I,6,2.5493030548095703,10,179.0,0.0,[  0  26  98 153 163 181 182 193 211 268],1,1,98,0.43338489532470703,100.0
I,7,2.9826879501342773,10,178.0,0.0,[ 41  61  69  98 153 163 181 182 193 211],1,1,98,0.42882728576660156,100.0
I,8,3.411515235900879,10,177.0,0.0,[ 41  61  69  98 153 163 181 182 193 211],1,1,98,0.5867807865142822,100.0
I,9,3.998296022415161,10,175.25,0.0,[ 41  61  69  98 153 163 181 182 193 211],2,2,98,0.7339138984680176,100.0
I,10,4.732209920883179,10,175.25,0.0,[ 41  61  69  98 153 163 181 182 193 211],4,4,98,1.0560271739959717,100.0
I,11,5.78823709487915,10,175.25,0.0,[ 41  61  98 153 163 181 182 193 211 234],8,8,98,0.5569748878479004,100.0
I,12,6.345211982727051,10,175.0,0.0,[ 41  61  69  98 153 163 181 182 193 211],8,8,98,1.8249189853668213,100.0
I,13,8.170130968093872,10,174.03125,0.0,[ 41  61  69  98 153 163 181 182 193 211],16,16,98,3.2366421222686768,100.0
I,14,11.406773090362549,10,173.375,0.0,[ 41  61  69  98 153 163 181 182 193 211],32,32,98,6.131531000137329,100.0
I,15,17.538304090499878,10,172.7578125,0.0,[ 41  61  69  98 153 163 181 182 193 211],64,64,98,11.34261703491211,100.0
I,16,28.880921125411987,10,172.357421875,10.703125,[ 26  69  98 153 163 181 182 193 211 337],120,124,98,0.8473379611968994,93.79015717248178
I,17,29.728259086608887,10,172.306640625,10.703125,[ 41  61  69  98 153 163 181 182 193 211],124,124,98,19.738451957702637,93.7883270423142
I,18,49.46671104431152,10,171.99755859375,34.7431640625,[ 26  61  69  98 153 163 181 182 193 211],204,226,98,28.26909589767456,79.80019928971103
I,19,77.73580694198608,10,171.8375244140625,83.05615234375,[ 26  61  69  98 153 163 181 182 193 211],264,358,98,43.466814041137695,51.66588169437512
I,20,121.20262098312378,10,171.7965087890625,104.8773193359375,[  0  26  69  98 163 181 182 193 211 337],396,556,98,48.32307815551758,38.95258985459979
I,21,169.52569913864136,10,171.76055908203125,131.7689208984375,[  0  26  69  98 163 181 182 193 211 337],342,727,98,62.483399868011475,23.283365166792517
I,22,232.00909900665283,10,171.70144653320312,147.3997802734375,[  0  26  69  98 163 181 182 193 211 337],434,944,98,74.51553201675415,14.15344293856385
I,23,306.524631023407,10,171.6802215576172,160.403564453125,[  0  26  69  98 163 181 182 193 211 337],464,1176,98,95.16787314414984,6.568407823674467
I,24,401.6925041675568,10,171.67488861083984,164.9786148071289,[  0  26  69  98 163 181 182 193 211 337],566,1459,98,125.50188279151911,3.900555205188071
I,25,527.1943869590759,10,171.67243003845215,167.04697036743164,[  0  26  69  98 163 181 182 193 211 337],756,1837,98,175.90270805358887,2.6943520692195433
I,26,703.0970950126648,10,171.67091751098633,168.09558486938477,[  0  26  69  98 163 181 182 193 211 337],1106,2390,98,242.5985550880432,2.0826664722478423
I,27,945.695650100708,10,171.66962051391602,168.95022296905518,[  0  26  69  98 163 181 182 193 211 337],1550,3165,98,312.4255619049072,1.5840878174716986
I,28,1258.1212120056152,10,171.66876566410065,169.769136428833,[  0  26  69  98 163 181 182 193 211 337],1832,4081,98,322.3819191455839,1.1065666068716247
I,1,0.3870959281921386,10,356.0,0.0,[  0   3 138 143 162 167 173 219 229 293],1,1,110,0.4390499591827393,100.0
I,2,0.8261458873748779,10,301.0,0.0,[  3 145 162 167 173 219 229 231 244 273],1,1,110,0.42256712913513184,100.0
I,3,1.2487130165100098,10,253.0,0.0,[138 143 162 167 197 218 219 244 273 293],1,1,110,0.48259902000427246,100.0
I,4,1.7313120365142822,10,253.0,0.0,[138 143 162 167 197 218 219 244 273 293],2,2,110,0.5665569305419922,100.0
I,5,2.2978689670562744,10,253.0,0.0,[138 143 162 167 197 218 219 244 273 293],4,4,110,0.7724568843841553,100.0
I,6,3.0703258514404297,10,251.9375,0.0,[138 143 167 173 197 218 219 244 273 293],8,8,110,0.4686551094055176,100.0
I,7,3.5389809608459473,10,251.9375,0.0,[138 143 162 167 197 218 219 244 273 293],8,8,110,1.1216540336608887,100.0
I,8,4.660634994506836,10,250.140625,31.625,[138 143 162 167 197 218 219 244 273 293],14,15,110,1.8433668613433838,87.35711162471111
I,9,6.50400185585022,10,246.70703125,47.4375,[138 143 162 167 197 218 219 244 273 293],26,28,110,2.9303431510925275,80.77172759947433
I,10,9.434345006942747,10,245.70703125,78.453125,[138 143 162 167 197 218 219 244 273 293],44,50,110,4.549125909805301,68.07045992909492
I,11,13.983470916748049,10,245.39794921875,119.33984375,[138 143 162 167 197 218 219 244 273 293],66,83,110,6.5809268951416,51.36885042033528
I,12,20.56439781188965,10,245.284912109375,164.68310546875,[138 143 162 167 197 218 219 244 273 293],84,125,110,9.28609728813171,32.860482916570035
I,13,29.85049510002136,10,245.19573974609375,190.306396484375,[138 143 162 167 197 218 219 244 273 293],114,182,110,13.051770925521854,22.385928613016695
I,14,42.90226602554321,10,245.15679931640625,208.46502685546875,[138 143 162 167 197 218 219 244 273 293],152,258,110,18.6259469985962,14.966655040059512
I,15,61.52821302413941,10,245.1330108642578,218.18258666992188,[138 143 162 167 197 218 219 244 273 293],222,369,110,26.382407903671258,10.99420437064664
I,16,87.91062092781067,10,245.11657333374023,226.17100524902344,[138 143 162 167 197 218 219 244 273 293],310,524,110,35.977873086929335,7.729207302078804
I,17,123.88849401474,10,245.10656547546387,232.7672462463379,[138 143 162 167 197 218 219 244 273 293],398,723,110,47.76700687408446,5.034267117728917
I,18,171.65550088882446,10,245.10069370269775,237.18237495422363,[138 143 162 167 197 218 219 244 273 293],498,972,110,62.123133182525635,3.230639060564587
I,19,233.7786340713501,10,245.0974521636963,240.02733325958252,[138 143 162 167 197 218 219 244 273 293],610,1277,110,77.55295491218567,2.0686134675637207
I,20,311.33158898353577,10,245.0957547426224,241.98000144958496,[138 143 162 167 197 218 219 244 273 293],690,1622,110,88.93952512741089,1.2712391923349826
I,1,0.3856978416442871,10,260.0,0.0,[  0   1   2  55 105 130 182 211 250 375],1,1,113,0.42867422103881836,100.0
I,2,0.8143720626831055,10,260.0,0.0,[  0  55 103 105 130 182 211 250 328 375],1,1,113,0.42530083656311035,100.0
I,3,1.2396728992462158,10,258.0,0.0,[  0   5  55 103 130 182 211 250 328 375],1,1,113,0.42049694061279297,100.0
I,4,1.6601698398590088,10,254.0,0.0,[  0   5  55 103 104 182 211 250 328 375],1,1,113,0.4291410446166992,100.0
I,5,2.089310884475708,10,254.0,0.0,[  0  55 103 104 182 211 250 328 345 375],1,1,113,0.4205501079559326,100.0
I,6,2.5098609924316406,10,249.0,0.0,[  0   5  55 103 104 182 211 222 328 375],1,1,113,0.5408079624176025,100.0
I,7,3.050668954849243,10,249.0,0.0,[  0   5  55 103 104 182 211 222 328 375],2,2,113,0.7050008773803711,100.0
I,8,3.7556698322296143,10,244.375,0.0,[  0   5  55 103 104 130 182 222 328 375],4,4,113,1.01320219039917,100.0
I,9,4.768872022628784,10,240.0625,0.0,[  0   5  55 103 104 182 222 233 328 375],8,8,113,1.5659799575805664,100.0
I,10,6.334851980209351,10,236.875,30.25,[  0   5  55 101 103 182 222 250 328 375],14,15,113,0.6133780479431152,87.22955145118733
I,11,6.948230028152466,10,236.0,30.25,[  0   5  55 103 104 182 222 233 328 375],15,15,113,2.597817897796631,87.1822033898305
I,12,9.546047925949097,10,234.53515625,60.5,[  0   5  55 103 104 182 222 233 328 375],24,27,113,4.159597158432007,74.20429373261605
I,13,13.705645084381104,10,233.611328125,89.94921875,[  0   5  55 103 104 182 222 233 328 375],40,47,113,6.588291883468628,61.496208479295035
I,14,20.29393696784973,10,233.224365234375,118.55859375,[  0   5  55 103 104 182 222 233 328 375],64,79,113,10.050169944763184,49.16543405280298
I,15,30.344106912612915,10,232.9522705078125,146.6708984375,[  0   5  55  91 104 182 222 233 328 375],96,127,113,1.4940872192382812,37.03821898032064
I,16,31.838194131851196,10,232.9522705078125,146.6708984375,[  0   5  55 103 104 182 222 233 328 375],127,127,113,15.627681970596313,37.03821898032064
I,17,47.46587610244751,10,232.7783203125,167.774169921875,[  0   5  55 103 104 182 222 233 328 375],144,199,113,23.15827202796936,27.925345583453947
I,18,70.62414813041687,10,232.67739868164065,184.6917724609375,[  0   5  55  91 103 104 182 222 233 375],210,304,113,3.5639476776123047,20.62324338014419
I,19,74.18809580802917,10,232.67739868164065,184.6917724609375,[  0   5  55 103 104 182 222 233 328 375],304,304,113,34.97320437431334,20.62324338014419
I,20,109.16130018234252,10,232.60767364501953,198.0747985839844,[  0   5  55 103 104 182 222 233 328 375],298,453,113,49.77860093116762,14.84597413313863
I,21,158.93990111351013,10,232.56842422485352,208.60125732421875,[  0   5  55 103 104 182 222 250 328 375],406,656,113,3.9841699600219727,10.305426018393044
I,22,162.9240710735321,10,232.5657501220703,208.60125732421875,[  0   5  55 103 104 182 222 233 328 375],656,656,113,71.31563401222229,10.30439468635126
I,23,234.2397050857544,10,232.54233741760257,216.156982421875,[  0   5  55 103 104 182 222 233 328 375],542,927,113,98.34398984909058,7.046181429879812
I,24,332.58369493484497,10,232.52976989746097,221.257905960083,[  0   5  55 103 104 182 222 233 328 375],720,1287,113,134.86661195755005,4.847492836013441
I,25,467.450306892395,10,232.52268934249884,224.78478240966797,[  0   5  55 103 104 182 222 233 328 375],934,1754,113,179.86538410186768,3.3278072581696176
I,26,647.3156909942627,10,232.51870346069336,227.16390228271484,[  0   5  55 103 104 182 222 233 328 375],1182,2345,113,231.58209919929504,2.302955030404137
I,27,878.8977901935577,10,232.51645290851593,228.78189945220947,[  0   5  55 103 104 182 222 233 328 375],1428,3059,113,295.5573477745056,1.6061458918676286
I,28,1174.4551379680634,10,232.51518973708153,229.8800573348999,[  0   5  55 103 104 182 222 233 328 375],1578,3848,113,307.00700116157554,1.1333162384622368
I,1,0.3861129283905029,10,153.0,0.0,[  0   1   2   3   4   5  11  21 112 263],1,1,122,0.48082113265991216,100.0
I,2,0.866934061050415,10,153.0,0.0,[  0   1   2   3   4   5  11  21 112 263],2,2,122,0.519705057144165,100.0
I,3,1.38663911819458,10,153.0,0.0,[  0   1   2   3   4   5  11  21 112 263],4,4,122,0.6445310115814209,100.0
I,4,2.031170129776001,10,153.0,0.0,[  0   1   2  11  12  21 112 148 263 294],8,8,122,0.7740678787231445,100.0
I,5,2.8052380084991455,10,153.0,75.9375,[  0   1   2  11  12  21 112 148 263 294],8,12,122,1.0087010860443115,50.36764705882353
I,6,3.813939094543457,10,153.0,75.9375,[  0   1   2  11  12  21 112 148 263 294],16,20,122,1.4513511657714844,50.36764705882353
I,7,5.265290260314941,10,153.0,85.40625,[  0  11  21  62 112 263 294 343 344 345],28,34,122,2.328023910522461,44.17892156862745
I,8,7.593314170837402,10,153.0,47.53125,[  0  11  21  22  63 105 112 263 294 349],58,63,122,3.9570658206939697,68.93382352941177
I,9,11.550379991531372,10,153.0,66.62109375,[  0  11  21  62  63 112 263 292 294 344],98,112,122,6.216660022735596,56.45680147058824
I,10,17.767040014266968,10,153.0,93.234375,[  0  11  21  62  63 112 263 292 294 345],140,182,122,9.660857200622559,39.0625
I,11,27.427897214889526,10,152.999755859375,113.22802734375,[  0  11  12  21  63 105 112 263 292 294],204,284,122,14.002805948257446,25.994635280451007
I,12,41.43070316314697,10,153.0,129.83740234375,[  0  11  12  21  22  63 105 112 263 294],260,414,122,1.0095081329345703,15.138952716503267
I,13,42.44021129608154,10,152.9986572265625,129.83740234375,[  0  11  12  21  63 105 112 263 292 294],414,414,122,19.92006778717041,15.138207944214175
I,14,62.36027908325195,10,153.0,137.4517822265625,[  0  11  12  21  22  62  63 112 263 294],350,589,122,25.535830974578857,10.162233838848039
I,15,87.89611005783081,10,153.0,146.9097137451172,[  0  11  21  22  63 105 112 148 263 294],284,731,122,32.89107418060303,3.9805792515573937
I,16,120.78718423843384,10,152.99996185302734,141.85677337646484,[  0  11  12  21  22  62  63 112 263 294],468,965,122,42.09144687652588,7.283131539122024
I,17,162.87863111495972,10,152.99991703033447,149.8096694946289,[  0  11  12  21  22  63 105 112 148 263],502,1216,122,2.759505033493042,2.085130239039968
I,18,165.63813614845276,10,152.99295902252197,149.8096694946289,[  0  11  21  22  63 105 112 148 263 294],1216,1216,122,55.91986799240112,2.0806771424196437
I,19,221.55800414085388,10,152.99623489379883,146.91951751708984,[  0  11  21  63 105 112 148 263 292 294],836,1634,122,4.419954061508207,3.9718084441274595
I,20,225.9779582023621,10,152.99279022216797,146.91951751708984,[  0  11  21  63 105 112 148 263 292 294],1634,1634,122,82.44826292991635,3.969646344941381
I,21,308.42622113227844,10,152.99123096466064,148.30768585205078,[  0  11  21  63 105 112 148 263 292 294],1618,2443,122,123.91398286819458,3.0613160526120042
I,22,432.340204000473,10,152.99986267089844,150.0143051147461,[  0  11  12  21  22  62  63 112 148 263],2326,3606,122,192.2757911682129,1.9513465594242103
I,23,624.6159951686859,10,152.99839282035828,76.50923728942871,[  0  11  12  21  22  63 105 112 263 294],4146,5679,122,28.84684991836548,49.993437264885934
I,24,653.4628450870514,10,152.9985761642456,76.50923728942871,[  0  11  12  21  22  62  63 112 148 263],5679,5679,122,330.4306981563568,49.99349718961095
I,25,983.8935432434082,10,152.99975579977036,83.51507198810577,[  0  11  12  21  22  62  63 112 263 294],7094,9226,122,394.9298670291903,45.41489850650394
I,1,0.3820040225982666,10,190.0,0.0,[  0   1   2   3   4   5   6  64  87 239],1,1,124,0.44745397567749023,100.0
I,2,0.8294579982757568,10,190.0,0.0,[  0   1   2  60  63  64  87 224 239 346],1,1,124,0.6318268775939941,100.0
I,3,1.461284875869751,10,190.0,148.75,[  0   1   2  60  63  64  87 224 239 346],2,2,124,0.7409169673919678,21.710526315789476
I,4,2.2022018432617188,10,190.0,162.0,[  1  60  63  64  87 224 239 261 346 387],4,4,124,1.2117979526519775,14.736842105263156
I,5,3.4139997959136963,10,190.0,166.4375,[  1  60  63  64  87 224 239 261 314 346],8,8,124,0.5253109931945805,12.401315789473683
I,6,3.939310789108277,10,190.0,166.4375,[  1  60  64  87 224 239 301 313 314 386],8,8,124,0.6010901927947994,12.401315789473683
I,7,4.540400981903076,10,190.0,166.4375,[  1  60  64  87 224 239 261 313 314 392],8,8,124,0.4791438579559326,12.401315789473683
I,8,5.019544839859009,10,190.0,166.4375,[  1  60  64  70  87 193 224 239 314 380],8,8,124,2.023196220397949,12.401315789473683
I,9,7.042741060256958,10,190.0,166.4375,[  1  64  87 224 239 261 301 313 314 346],16,16,124,3.6185078620910645,12.401315789473683
I,10,10.661248922348022,10,189.9072265625,186.6416015625,[  1  64  87 224 239 261 301 313 314 346],32,32,124,5.231798887252808,1.719589643380557
I,11,15.89304780960083,10,189.9072265625,187.6337890625,[  1  64  87 224 239 261 301 313 314 346],60,62,124,6.759813070297241,1.1971305890520145
I,1,0.4502568244934082,10,282.0,0.0,[  0   1   2   7 257 298 312 320 384 397],1,1,1,0.4287712574005127,100.0
I,2,0.8790280818939209,10,233.0,0.0,[  7 110 118 150 219 253 312 320 390 397],1,1,1,0.4308459758758545,100.0
I,3,1.3098740577697754,10,214.0,0.0,[  1   7 100 110 219 253 312 320 390 397],1,1,1,0.4369161128997803,100.0
I,4,1.7467901706695557,10,212.0,0.0,[  1   7 100 110 219 257 312 329 390 397],1,1,1,0.4355919361114502,100.0
I,5,2.182382106781006,10,203.0,0.0,[  1   7 100 110 210 219 320 329 390 397],1,1,1,0.4544789791107178,100.0
I,6,2.6368610858917236,10,200.0,0.0,[  1   7 100 110 210 219 257 312 313 397],1,1,1,0.43611788749694824,100.0
I,7,3.072978973388672,10,198.0,0.0,[  7 100 110 210 219 257 329 357 384 397],1,1,1,0.45693516731262207,100.0
I,8,3.529914140701294,10,193.0,0.0,[  1   7 100 110 196 210 219 257 313 397],1,1,1,0.4673268795013428,100.0
I,9,3.9972410202026367,10,193.0,0.0,[  1   7 100 110 210 253 257 329 357 397],1,1,1,0.4801180362701416,100.0
I,10,4.477359056472778,10,193.0,0.0,[  1   7 100 110 118 196 210 257 313 397],1,1,1,0.6966118812561035,100.0
I,11,5.173970937728882,10,193.0,147.75,[  1   7 100 110 118 196 210 257 313 397],2,2,1,0.9539289474487305,23.44559585492228
I,12,6.127899885177612,10,190.0,148.875,[  1   7 100 110 150 210 257 291 329 397],4,4,1,1.566437244415284,21.644736842105264
I,13,7.694337129592896,10,190.0,154.75,[  1   7 100 110 150 210 257 291 329 397],8,8,1,2.498177051544187,18.552631578947366
I,14,10.192514181137083,10,187.5,157.0,[  1   7 100 110 113 210 257 357 390 397],16,16,1,5.206728935241701,16.266666666666666
I,15,15.399243116378784,10,187.375,161.171875,[  1   7 100 110 210 257 291 357 390 397],32,32,1,0.6806719303131104,13.98432288192128
I,16,16.079915046691895,10,187.125,161.171875,[  1   7 100 110 113 210 257 291 390 397],32,32,1,10.421536922454834,13.86940547762191
I,17,26.50145196914673,10,187.125,162.5625,[  1   7  95 100 110 253 257 291 357 397],64,64,1,20.105668306350708,13.126252505010019
I,18,46.60712027549744,10,186.75,166.1171875,[  1   2   7  95 100 110 113 257 291 397],128,128,1,39.09599471092224,11.048360107095046
I,19,85.70311498641968,10,186.6328125,171.14453125,[  1   7 100 110 113 257 291 357 384 397],256,256,1,78.70346593856812,8.298798610239022
I,20,164.4065809249878,10,185.94921875,171.14453125,[  1   7 100 110 113 257 291 357 384 397],512,512,1,137.87579822540283,7.961683087200387
I,21,302.2823791503906,10,184.9501953125,171.572265625,[  1   2   7  95 100 110 113 257 291 397],1024,1024,1,324.0994119644165,7.233260643437581
I,22,626.3817911148071,10,184.677490234375,173.84228515625,[  1   7  95 100 110 113 257 291 357 397],2048,2048,1,7.5159900188446045,5.867095694431408
I,23,633.8977811336517,10,184.670654296875,173.84228515625,[  1   7  95 100 110 113 257 291 357 397],2048,2048,1,679.7612750530243,5.863611184924598
I,24,1313.659056186676,10,184.2923889160156,175.53561401367188,[  1   7  95 100 110 253 257 291 357 397],4096,4096,1,16.871186017989885,4.751566222484802
I,25,1330.530242204666,10,184.28042602539065,175.53561401367188,[  1   7  95 100 110 253 257 291 357 397],4096,4096,1,1495.768430709839,4.745383001509826
I,1,0.3856310844421386,10,184.0,0.0,[  0   1   2   3   4   5   6  51 105 116],1,1,3,0.41011285781860357,100.0
I,2,0.7957439422607422,10,184.0,0.0,[  0   1   2   3  10  51 105 116 134 225],1,1,3,0.41603994369506814,100.0
I,3,1.2117838859558103,10,184.0,0.0,[  1  10  51 105 116 134 225 313 353 357],1,1,3,0.4197521209716799,100.0
I,4,1.6315360069274902,10,184.0,0.0,[  1  10  51 105 116 288 353 354 356 357],1,1,3,0.4160270690917969,100.0
I,5,2.047563076019287,10,184.0,0.0,[  1   5  10  51 105 116 124 353 356 357],1,1,3,0.5874099731445312,100.0
I,6,2.6349730491638184,10,184.0,158.75,[  1   5  10  51 105 116 124 353 356 357],2,2,3,0.712791919708252,13.722826086956522
I,7,3.3477649688720703,10,184.0,162.125,[  1   5  10  51 105 116 124 134 353 357],4,4,3,1.1776342391967773,11.888586956521738
I,8,4.525399208068848,10,184.0,165.5,[  1   5  10  51 105 116 124 134 353 357],8,8,3,1.6476328372955322,10.054347826086957
I,9,6.17303204536438,10,184.0,168.59375,[  1  10  50  51 105 116 124 225 353 357],16,16,3,3.5753457546234113,8.372961956521738
I,10,9.748377799987791,10,184.0,174.328125,[  1  10  50  51 105 116 124 225 353 357],32,32,3,5.083853244781498,5.256453804347826
I,11,14.832231044769289,10,184.0,176.2109375,[  1  10  50  51 105 116 124 225 353 357],60,62,3,8.769925117492674,4.233186141304348
I,12,23.602156162261963,10,184.0,177.5810546875,[  1   5  10  50  51 105 116 124 225 359],106,115,3,18.188471794128418,3.488557235054348
I,13,41.79062795639038,10,184.0,180.591796875,[  1  10  29  50  51 105 116 123 124 225],164,197,3,31.501101970672607,1.8522843070652173
I,14,73.29172992706299,10,184.0,180.5712890625,[  1   5  10  29  50  51 105 116 124 225],298,346,3,1.147409200668335,1.8634298573369563
I,15,74.43913912773132,10,184.0,180.5712890625,[  1   5  10  50  51 105 116 124 225 358],346,346,3,40.40229105949402,1.8634298573369563
I,1,0.3970270156860351,10,319.0,0.0,[  0   1   2  34  53  63  72 198 211 357],1,1,4,0.4226489067077637,100.0
I,2,0.8196759223937988,10,237.0,0.0,[  3  34  53  72 111 198 270 308 327 357],1,1,4,0.4317209720611572,100.0
I,3,1.251396894454956,10,233.0,0.0,[  3  16  63  72 111 177 198 270 308 357],1,1,4,0.424511194229126,100.0
I,4,1.675908088684082,10,232.0,0.0,[  3  34  54  63  72 111 177 270 308 357],1,1,4,0.4185910224914551,100.0
I,5,2.094499111175537,10,225.0,0.0,[ 53  54  63  72 111 177 198 270 308 357],1,1,4,0.4305858612060547,100.0
I,6,2.525084972381592,10,223.0,0.0,[  1  34  63  91 111 177 198 270 308 357],1,1,4,0.43212199211120605,100.0
I,7,2.957206964492798,10,223.0,0.0,[  3  34  54  63 111 177 198 211 308 357],1,1,4,0.4318249225616455,100.0
I,8,3.3890318870544434,10,216.0,0.0,[  1  34  63  91 111 177 189 198 308 357],1,1,4,0.432797908782959,100.0
I,9,3.8218297958374023,10,216.0,0.0,[  1  34  63  91 111 177 198 211 308 357],1,1,4,0.6987042427062988,100.0
I,10,4.520534038543701,10,216.0,157.0,[  1  34  63  91 111 177 198 211 308 357],2,2,4,0.9163508415222168,27.314814814814813
I,11,5.436884880065918,10,213.375,161.5,[ 34  54  63 111 177 198 211 270 308 357],4,4,4,0.4922492504119873,24.311657879320446
I,12,5.929134130477905,10,213.375,161.5,[ 16  34  54  63 111 198 211 270 308 357],4,4,4,0.5075278282165527,24.311657879320446
I,13,6.436661958694458,10,213.0,161.5,[  1   3   4  63 111 177 198 211 308 357],4,4,4,1.6044440269470215,24.178403755868544
I,14,8.04110598564148,10,213.0,177.375,[  1   3   4  63 111 177 198 211 308 357],8,8,4,2.524355888366701,16.725352112676056
I,15,10.56546187400818,10,209.625,184.21875,[  1   3   4  63 111 177 198 211 308 357],16,16,4,4.688945055007931,12.119856887298749
I,16,15.254406929016112,10,208.125,187.8203125,[  0   1  16  34  63 111 211 270 308 357],32,32,4,0.5838220119476318,9.756006006006006
I,17,15.838228940963743,10,207.96875,187.8203125,[  0   1   4  16  34  63 111 211 308 357],32,32,4,10.169401168823244,9.688204357625846
I,18,26.007630109786987,10,206.89453125,189.69140625,[  0   1   4  63 111 177 198 211 308 357],64,64,4,20.03955101966858,8.31492495043897
I,19,46.047181129455566,10,206.533203125,194.189453125,[  0   1  16  63 111 198 211 270 308 357],128,128,4,1.0997307300567627,5.976641921603858
I,20,47.14691185951233,10,206.294921875,194.189453125,[  0   1  16  63 111 198 211 270 308 357],128,128,4,39.24765706062317,5.868040104901395
I,21,86.3945689201355,10,206.0400390625,194.189453125,[  0   1   4  63 111 177 198 211 308 357],256,256,4,1.4627420902252197,5.751593715193024
I,22,87.85731101036072,10,205.994140625,194.189453125,[  0   1   4  63 111 177 198 211 308 357],256,256,4,77.89493799209598,5.730593823777603
I,23,165.7522490024567,10,205.673583984375,196.32666015625,[  1   3   4  63 111 177 198 211 308 357],500,506,4,2.8366379737854004,4.544542690924803
I,24,168.5888869762421,10,205.550537109375,196.32666015625,[  1   3   4  63 111 177 198 211 308 357],506,506,4,151.4106419086456,4.487401046399069
I,25,319.9995288848877,10,205.169189453125,196.32666015625,[  1   4  63 111 138 177 198 211 308 357],934,973,4,6.584362030029297,4.30987192591861
I,26,326.583890914917,10,205.168212890625,196.32666015625,[  0   1   4  63 111 177 198 211 308 357],973,973,4,301.06611704826355,4.3094164587223
I,27,627.6500079631805,10,204.693359375,198.15298461914065,[  0   1   4  63 111 177 198 211 308 357],1738,1842,4,499.512246131897,3.1952061248246575
I,28,1127.1622540950775,10,204.3770294189453,199.17391204833984,[  0   1   4  63 111 177 198 211 308 357],3158,3421,4,954.800214767456,2.5458425466884442
I,1,0.3814871311187744,10,329.0,0.0,[  0   1   2   3   4   5 226 296 310 373],1,1,5,0.4060978889465332,100.0
I,2,0.7875850200653076,10,329.0,0.0,[  0   1   4  44 126 164 226 296 310 373],1,1,5,0.4166300296783447,100.0
I,3,1.2042150497436523,10,329.0,0.0,[  0   4 126 164 226 264 296 310 363 373],1,1,5,0.414001941680908,100.0
I,4,1.6182169914245603,10,329.0,0.0,[  4  44 126 164 220 226 264 296 310 373],1,1,5,0.581209182739258,100.0
I,5,2.1994261741638184,10,329.0,245.25,[  4  44 126 164 220 226 264 296 310 373],2,2,5,0.6816239356994629,25.455927051671733
I,6,2.8810501098632812,10,329.0,248.375,[  4  44 126 164 220 226 264 296 310 373],4,4,5,1.0062191486358643,24.506079027355625
I,7,3.8872692584991455,10,329.0,260.8125,[  4  44 100 126 164 220 226 296 310 373],8,8,5,0.5350427627563477,20.725683890577507
I,8,4.422312021255493,10,329.0,260.8125,[  4 100 126 164 220 226 264 296 310 373],8,8,5,0.4804389476776123,20.725683890577507
I,9,4.9027509689331055,10,328.1875,260.8125,[  4 126 164 177 220 226 264 296 310 373],8,8,5,0.43164610862731934,20.529422967053897
I,10,5.334397077560425,10,327.5625,260.8125,[  4 100 126 164 220 226 264 296 310 373],8,8,5,2.145639181137085,20.377790497996564
I,11,7.48003625869751,10,325.25,271.65625,[  4 126 164 177 220 226 264 296 310 373],16,16,5,0.4732058048248291,16.47770945426595
I,12,7.953242063522339,10,325.09375,271.65625,[  4 100 126 164 220 226 296 310 363 373],16,16,5,3.995288848876953,16.437566086705758
I,13,11.948530912399292,10,323.171875,279.5,[  1   4 126 164 199 220 226 296 310 373],32,32,5,0.5798761844634992,13.513513513513514
I,14,12.528407096862791,10,322.421875,279.5,[  4 100 126 164 220 226 296 310 363 373],32,32,5,7.7007088661193865,13.312333414102254
I,15,20.229115962982178,10,320.203125,284.328125,[  4 100 126 164 220 226 264 296 310 373],64,64,5,14.78515100479126,11.20382569657932
I,16,35.01426696777344,10,318.658203125,289.22265625,[  4 100 126 149 164 220 226 296 310 373],126,127,5,1.1345860958099365,9.237341636378124
I,17,36.148853063583374,10,318.341796875,289.22265625,[  4 100 126 164 220 226 264 296 310 373],127,127,5,28.39640188217163,9.147130823174287
I,18,64.545254945755,10,317.79248046875,292.8544921875,[  4 126 164 177 199 220 226 296 310 373],242,248,5,1.6795990467071533,7.847255619285261
I,19,66.22485399246216,10,317.5205078125,292.8544921875,[  4 100 126 164 220 226 264 296 310 373],248,248,5,53.71286416053772,7.768322051048622
I,20,119.93771815299988,10,316.6705322265625,296.7861328125,[  4 126 164 220 226 264 296 310 327 373],448,472,5,2.1259818077087402,6.279207375012769
I,21,122.06369996070862,10,316.4276123046875,296.7861328125,[  4 100 126 164 220 226 296 310 363 373],472,472,5,98.66161799430847,6.207258383403898
I,22,220.7253179550171,10,315.3282775878906,299.1531677246094,[  4 100 126 164 220 226 264 296 310 373],802,873,5,172.68687200546265,5.129609683918311
I,23,393.41218996047974,10,314.6407470703125,303.7285461425781,[  4 126 164 220 226 264 296 310 327 373],1350,1548,5,4.4927520751953125,3.4681461410641248
I,24,397.90494203567505,10,314.62646484375,303.7285461425781,[  4 126 164 220 226 264 296 310 327 373],1548,1548,5,296.22677421569824,3.463764151748648
I,25,694.1317162513733,10,313.8787155151367,306.00762939453125,[  4 126 164 220 226 264 296 310 327 373],2270,2683,5,386.46277475357056,2.5076839338046444
I,26,1080.5944910049438,10,313.39087677001953,307.9365768432617,[  4 126 164 220 226 264 296 310 327 373],3508,4437,5,610.2539370059967,1.7404143933521161
I,27,1690.8484280109406,10,313.03433990478516,309.3222351074219,[  3   4 126 164 177 220 226 296 310 373],5274,7074,5,20.044463872909546,1.1858458718913658
I,28,1710.89289188385,10,313.03174209594727,309.3222351074219,[  3   4 126 164 177 220 226 296 310 373],7074,7074,5,1181.8861303329468,1.1850258263548208
I,29,2892.779022216797,10,312.8070230484009,309.3597745895386,[  4 126 164 220 226 264 296 310 327 373],7244,10696,5,31.91862988471985,1.1020367846181347
I,1,0.4885649681091308,10,242.0,0.0,[  0   1   2   3   4   5 195 234 244 317],1,1,8,0.5212850570678711,100.0
I,2,1.009850025177002,10,242.0,0.0,[  0   3  17  85 195 199 234 244 317 368],1,1,8,0.5289039611816406,100.0
I,3,1.5387539863586426,10,242.0,0.0,[  1   3  85 159 195 199 234 244 299 317],1,1,8,0.5565288066864014,100.0
I,4,2.095282793045044,10,242.0,0.0,[  1   3  29  85 195 199 216 234 244 317],1,1,8,0.54705810546875,100.0
I,5,2.642340898513794,10,242.0,0.0,[  0   1   3 100 159 195 199 234 244 317],1,1,8,0.7022418975830078,100.0
I,6,3.3445827960968018,10,242.0,206.5,[  0   1   3 100 159 195 199 234 244 317],2,2,8,0.8202862739562988,14.669421487603307
I,7,4.164869070053101,10,242.0,217.125,[  0   1   3 100 159 195 199 234 244 317],4,4,8,1.1772637367248535,10.27892561983471
I,8,5.342132806777954,10,239.0,223.5,[  0   1   3  17  85 159 195 234 244 317],8,8,8,0.5348720550537109,6.485355648535565
I,9,5.877004861831665,10,239.0,223.5,[  0   1   3  17 159 195 229 234 244 317],8,8,8,2.1431162357330322,6.485355648535565
I,10,8.020121097564697,10,238.59375,226.3671875,[  0   1   3  17 100 159 195 234 244 317],16,16,8,3.149652957916258,5.124426981008513
I,11,11.169774055480955,10,238.40625,233.78125,[  0   1   3  17 100 159 195 234 244 317],24,28,8,3.4074349403381365,1.9399659195176302
I,12,14.577208995819092,10,238.171875,234.783203125,[  0   1   3  17 100 159 195 234 244 317],34,45,8,4.820528984069824,1.4227842288263464
I,13,19.397737979888916,10,238.124755859375,235.324951171875,[  0   1   3  17 100 159 195 234 244 317],50,70,8,6.471434831619263,1.1757722028504376
I,14,25.86917281150818,10,238.034912109375,235.6822509765625,[  0   1   3  17 100 159 195 234 244 317],70,105,8,8.452089071273804,0.9883680977567998
I,1,0.3889589309692383,10,402.0,0.0,[  0   1   2   3   4   5   6  90  92 154],1,1,9,0.4189598560333252,100.0
I,2,0.8079187870025635,10,387.0,0.0,[  0   1   2  56  90  92 109 154 314 329],1,1,9,0.4312460422515869,100.0
I,3,1.2391648292541504,10,370.0,0.0,[  0   1   3  56  92 109 154 203 239 329],1,1,9,0.4194190502166748,100.0
I,4,1.6585838794708252,10,355.0,0.0,[  0   1  56  90  92  95 109 203 239 329],1,1,9,0.42490100860595703,100.0
I,5,2.0834848880767822,10,355.0,0.0,[  0   1   3  90  92  95 109 202 203 329],1,1,9,0.4240379333496094,100.0
I,6,2.5075228214263916,10,355.0,0.0,[  0   1   3  90  92  95 109 154 203 329],1,1,9,0.42025113105773926,100.0
I,7,2.927773952484131,10,355.0,0.0,[  0   2   3  90  95 109 154 203 314 329],1,1,9,0.4259779453277588,100.0
I,8,3.3537518978118896,10,351.0,0.0,[  0  90  95 109 110 154 174 203 239 329],1,1,9,0.4175448417663574,100.0
I,9,3.771296739578247,10,351.0,0.0,[  0   2   3  90  95 109 110 154 203 329],1,1,9,0.6764740943908691,100.0
I,10,4.447770833969116,10,351.0,269.0,[  0   2   3  90  95 109 110 154 203 329],2,2,9,0.8476800918579102,23.36182336182336
I,11,5.295450925827026,10,351.0,275.25,[  0   2   3  90  95 109 110 154 203 329],4,4,9,1.2822389602661133,21.581196581196583
I,12,6.57768988609314,10,351.0,287.375,[  0   2   3  90  95 109 110 154 203 329],8,8,9,2.2144129276275635,18.12678062678063
I,13,8.792102813720703,10,351.0,293.96875,[  0   3  90  95 109 110 154 203 292 329],16,16,9,0.4960770606994629,16.24821937321937
I,14,9.288179874420166,10,350.0,293.96875,[  0  92  95 109 110 154 203 238 292 329],16,16,9,0.4939558506011963,16.00892857142857
I,15,9.782135725021362,10,349.375,293.96875,[  0   2   3  90  95 109 110 154 203 329],16,16,9,4.749287366867065,15.858676207513417
I,16,14.531423091888428,10,347.5625,301.84375,[  0  92  95 109 110 154 203 238 292 329],32,32,9,0.5686748027801531,13.154108973206258
I,17,15.10009789466858,10,347.5625,301.84375,[  0   2   3  92  95 109 110 154 203 329],32,32,9,9.089337110519407,13.154108973206258
I,18,24.18943500518799,10,345.84765625,308.859375,[  0   3  90  95 109 110 154 203 292 329],60,62,9,0.7348337173461914,10.694963687497882
I,19,24.92426872253418,10,345.53515625,308.859375,[  0  92  95 109 110 154 203 238 292 329],62,62,9,0.6472361087799072,10.614196728353889
I,20,25.571504831314087,10,345.46875,308.859375,[  0   3  92  95 109 110 154 174 203 329],62,62,9,17.800770044326782,10.597014925373134
I,21,43.37227487564087,10,344.40625,308.859375,[  0  90  95 109 110 154 203 292 314 329],124,124,9,0.8460638523101807,10.32120497232556
I,22,44.21833872795105,10,344.3046875,308.859375,[  0   3  90  95 109 110 154 174 203 329],124,124,9,33.45000600814819,10.294751650745388
I,23,77.66834473609924,10,343.12939453125,313.1796875,[  0  90  95 109 110 154 203 292 314 329],234,241,9,1.3812720775604248,8.728400279481848
I,24,79.04961681365967,10,342.888671875,313.1796875,[  0   2   3  92  95 109 110 154 203 329],241,241,9,59.38152194023132,8.664323674662079
I,25,138.431138753891,10,340.7725830078125,321.61474609375,[  0   2   3  92  95 109 110 154 203 329],402,442,9,88.10776329040525,5.62188329382804
I,26,226.53890204429624,10,339.67889404296875,325.49053955078125,[  0   2   3  92  95 109 110 154 203 329],702,793,9,145.4980199337006,4.17699031085302
I,27,372.0369219779968,10,338.6150665283203,328.6549987792969,[  0   2  92  95 109 110 124 154 203 329],1132,1359,9,282.8553969860077,2.941413047901228
I,28,654.8923189640045,10,338.15056228637695,331.8148498535156,[  0   2  92  95 109 110 124 154 203 329],1724,2221,9,372.11811780929565,1.873636521560968
I,29,1027.0104367733002,10,337.7168159484863,333.1623229980469,[  0   2  92  95 109 110 124 154 203 329],2654,3548,9,574.594838142395,1.3486130199492858
I,30,1601.6052749156952,10,337.44500064849854,334.0159740447998,[  0   2  92  95 109 110 124 154 203 329],3898,5497,9,925.6751260757446,1.0161734792659132
I,1,0.3859720230102539,10,326.0,0.0,[  0   1  31 129 155 161 181 276 286 292],1,1,11,0.412517786026001,100.0
I,2,0.7984898090362549,10,302.0,0.0,[  0  23  74 152 155 161 181 276 292 338],1,1,11,0.4087049961090088,100.0
I,3,1.2071948051452637,10,291.0,0.0,[  0  73  74 152 155 161 173 181 292 338],1,1,11,0.4045538902282715,100.0
I,4,1.6117486953735352,10,279.0,0.0,[  0  23  24  73  74 152 155 161 181 292],1,1,11,0.41158199310302734,100.0
I,5,2.0233306884765625,10,275.0,0.0,[  0  73  74 104 152 155 161 173 181 292],1,1,11,0.4114921092987065,100.0
I,6,2.434822797775269,10,273.0,0.0,[  0  12  24  73  74 152 155 161 181 292],1,1,11,0.4115331172943111,100.0
I,7,2.84635591506958,10,269.0,0.0,[  0  12  24  73  74  81 152 155 161 181],1,1,11,0.41623592376708984,100.0
I,8,3.26259183883667,10,263.0,0.0,[  0  23  72 104 152 155 161 173 181 338],1,1,11,0.422652006149292,100.0
I,9,3.685243844985962,10,257.0,0.0,[  0  81 104 152 161 173 181 276 292 338],1,1,11,0.6576361656188965,100.0
I,10,4.342880010604858,10,249.75,220.5,[  0  31  81 104 152 161 173 181 276 338],2,2,11,0.9058837890625,11.711711711711711
I,11,5.248763799667358,10,249.75,228.625,[  0  31  81 104 152 161 173 181 276 338],4,4,11,1.2372639179229736,8.458458458458457
I,12,6.486027717590332,10,249.75,233.8125,[  0  31  81 104 152 161 173 181 276 338],8,8,11,2.103065013885498,6.381381381381382
I,13,8.58909273147583,10,249.078125,237.6875,[  0  31  81 104 152 161 173 181 276 338],16,16,11,3.6015119552612305,4.573113355498401
I,14,12.19060468673706,10,248.41796875,240.9375,[  0  31  81 104 152 161 173 181 276 338],30,31,11,5.801377058029175,3.011243022250177
I,15,17.991981744766235,10,247.783203125,242.837890625,[  0  31  81 104 152 161 173 181 276 338],50,56,11,8.105695009231567,1.9958223308241045
I,16,26.097676753997803,10,247.490234375,243.912109375,[  0  31  72 104 152 161 173 181 276 338],70,91,11,15.365040063858032,1.4457641163240342
I,17,41.462716817855835,10,247.39306640625,244.623046875,[  0  31  81 104 152 161 173 181 276 338],102,142,11,21.619351148605347,1.1196835754084093
I,1,0.3987131118774414,10,216.0,0.0,[  0   1   2   3   4 112 175 183 259 362],1,1,12,0.41989612579345703,100.0
I,2,0.8186092376708984,10,177.0,0.0,[  0   1   2 112 113 175 183 210 259 362],1,1,12,0.5612969398498535,100.0
I,3,1.379906177520752,10,177.0,159.0,[  0   1   2 112 113 175 183 210 259 362],2,2,12,0.5066008567810056,10.16949152542373
I,4,1.8865070343017576,10,177.0,168.0,[  0   1   2 112 113 175 183 210 259 362],2,3,12,0.5089061260223391,5.084745762711865
I,5,2.3954131603240967,10,177.0,172.5,[  0   1   2 112 113 175 183 210 259 362],2,4,12,0.5309209823608398,2.5423728813559325
I,6,2.9263341426849365,10,177.0,174.71875,[  0 112 113 175 210 234 354 355 357 362],2,5,12,1.1679739952087402,1.2888418079096045
I,7,4.094308137893677,10,177.0,174.03125,[  0 112 113 175 210 234 352 353 354 362],10,10,12,1.5134971141815186,1.6772598870056499
I,8,5.607805252075195,10,177.0,174.91796875,[  0 112 113 175 208 210 234 248 259 362],12,16,12,1.155749797821045,1.1762888418079096
I,1,0.4140231609344482,10,372.0,0.0,[  0   1   5 158 195 211 256 266 341 359],1,1,19,0.4426469802856446,100.0
I,2,0.8566701412200928,10,372.0,0.0,[  5 118 158 195 211 253 256 266 341 359],1,1,19,0.45244503021240234,100.0
I,3,1.3091151714324951,10,343.0,0.0,[  5 118 158 195 211 253 256 286 341 360],1,1,19,0.452739953994751,100.0
I,4,1.761855125427246,10,333.0,0.0,[  5 118 158 211 253 256 258 266 341 360],1,1,19,0.4471409320831299,100.0
I,5,2.208996057510376,10,330.0,0.0,[  5 118 158 211 256 258 259 341 359 360],1,1,19,0.6353421211242676,100.0
I,6,2.8443381786346436,10,324.75,289.5,[  5 118 158 211 256 258 266 286 341 359],2,2,19,0.8332810401916504,10.854503464203233
I,7,3.677619218826294,10,321.5,295.125,[  5 118 158 211 256 258 266 286 341 359],4,4,19,1.0726168155670166,8.203732503888025
I,8,4.7502360343933105,10,319.15625,301.0625,[  5 118 158 211 256 258 266 286 341 359],8,8,19,1.5680809020996094,5.6692450798002545
I,9,6.31831693649292,10,318.03125,305.921875,[  5 118 158 211 256 258 266 286 341 360],14,15,19,3.3192901611328125,3.80760538469097
I,10,9.637607097625732,10,317.55859375,310.3828125,[  5 118 158 211 256 258 266 286 341 360],28,29,19,4.1094868183136,2.259671566517006
I,11,13.747093915939333,10,316.837890625,312.2890625,[  5 118 158 211 256 258 266 286 341 360],44,51,19,5.909977197647089,1.4356957483926247
I,12,19.657071113586422,10,316.57421875,313.263671875,[  5 118 158 211 256 258 266 286 341 360],66,84,19,7.805065870285038,1.045741149760004
I,1,0.4011178016662597,10,278.0,0.0,[  0   1   2   3   4   5  45 214 239 249],1,1,20,0.4232430458068848,100.0
I,2,0.8243608474731445,10,278.0,0.0,[  1   7  45 176 214 239 249 266 272 290],1,1,20,0.4387478828430176,100.0
I,3,1.263108730316162,10,260.0,0.0,[  1   2   7  69 214 223 239 249 272 361],1,1,20,0.4331190586090088,100.0
I,4,1.696227788925171,10,259.0,0.0,[  1   2   7  41  69 214 223 239 249 272],1,1,20,0.4301722049713135,100.0
I,5,2.1263999938964844,10,259.0,0.0,[  1   2   7  41  69 214 223 239 249 266],1,1,20,0.45621609687805176,100.0
I,6,2.582616090774536,10,250.0,0.0,[  1   2   7  41  69  96 223 239 249 290],1,1,20,0.6415808200836182,100.0
I,7,3.2241969108581543,10,250.0,230.25,[  0   1   7  41  69  96 223 239 249 290],2,2,20,0.42905306816101074,7.9
I,8,3.653249979019165,10,247.25,230.25,[  1   7  41  69  72  96 223 239 249 290],2,2,20,0.8461039066314697,6.875631951466127
I,9,4.499353885650635,10,247.25,230.25,[  1   7  41  69  72  96 223 239 249 290],4,4,20,1.1536550521850586,6.875631951466127
I,10,5.653008937835693,10,247.1875,230.25,[  1   7  41  69  96 178 223 239 249 290],8,8,20,2.236707925796509,6.852085967130214
I,11,7.889716863632202,10,246.6953125,230.8125,[  0   1   7  41  69  96 223 239 249 290],16,16,20,4.02381706237793,6.438230357538714
I,12,11.913533926010132,10,245.74609375,233.0234375,[  0   1   7  41  69  96 223 239 249 290],32,32,20,6.118880987167358,5.177155028532371
I,13,18.03241491317749,10,245.4765625,234.755859375,[  1   2   7  41  69  96 223 239 249 290],60,62,20,0.5969741344451904,4.3673021227841256
I,14,18.62938904762268,10,245.4609375,234.755859375,[  1   2   7  41  69  96 223 239 249 290],62,62,20,12.550301790237427,4.361214551704383
I,15,31.179690837860107,10,244.88671875,239.3544921875,[  1   2   7  41  69  96 223 239 249 290],104,114,20,17.458455801010132,2.259096202006668
I,16,48.63814663887024,10,244.50634765625,240.494140625,[  1   2   7  41  69  96 223 239 249 290],178,203,20,26.181154251098633,1.6409418690801179
I,17,74.81930088996887,10,244.3319091796875,241.238037109375,[  1   2   7  41  69  96 223 239 249 290],266,336,20,41.456623077392564,1.266257886945578
I,18,116.27592396736144,10,244.21649169921875,241.72650146484375,[  1   2   7  41  69  96 223 239 249 290],416,544,20,64.97995686531068,1.0195831645316218
